/*
SQLyog Community v13.3.0 (64 bit)
MySQL - 8.1.0 : Database - concert_db
*********************************************************************
*/

/*!40101 SET NAMES utf8 */;

/*!40101 SET SQL_MODE=''*/;

/*!40014 SET @OLD_UNIQUE_CHECKS=@@UNIQUE_CHECKS, UNIQUE_CHECKS=0 */;
/*!40014 SET @OLD_FOREIGN_KEY_CHECKS=@@FOREIGN_KEY_CHECKS, FOREIGN_KEY_CHECKS=0 */;
/*!40101 SET @OLD_SQL_MODE=@@SQL_MODE, SQL_MODE='NO_AUTO_VALUE_ON_ZERO' */;
/*!40111 SET @OLD_SQL_NOTES=@@SQL_NOTES, SQL_NOTES=0 */;
CREATE DATABASE /*!32312 IF NOT EXISTS*/`concert_db` /*!40100 DEFAULT CHARACTER SET utf8mb4 COLLATE utf8mb4_0900_ai_ci */ /*!80016 DEFAULT ENCRYPTION='N' */;

USE `concert_db`;

/*Table structure for table `categories` */

DROP TABLE IF EXISTS `categories`;

CREATE TABLE `categories` (
  `id` int NOT NULL AUTO_INCREMENT,
  `concert_id` int DEFAULT NULL,
  `name` varchar(100) DEFAULT NULL,
  `price` decimal(10,2) DEFAULT NULL,
  PRIMARY KEY (`id`)
) ENGINE=InnoDB AUTO_INCREMENT=54 DEFAULT CHARSET=utf8mb4 COLLATE=utf8mb4_0900_ai_ci;

/*Data for the table `categories` */

insert  into `categories`(`id`,`concert_id`,`name`,`price`) values 
(1,2,'VVIP',22000.00),
(2,2,'VIP Seated',20000.00),
(3,2,'Gold',15000.00),
(4,2,'Silver',10000.00),
(5,2,'Bronze',9500.00),
(6,3,'VVIP',100.00),
(7,3,'VIP Seated',100.00),
(8,3,'Gold',100.00),
(9,3,'Silver',100.00),
(10,3,'Bronze',100.00),
(11,4,'VVIP',1000.00),
(12,4,'VIP',1000.00),
(13,5,'VVIP',100.00),
(14,5,'VIP',100.00),
(15,6,'VVIP',100.00),
(16,6,'VIP',100.00),
(17,7,'VVIP',1000000.00),
(18,7,'VIP',100000.00),
(19,10,'VIP PEAT',100.00),
(20,10,'Patron A',100.00),
(21,10,'Patron B',100.00),
(22,10,'Upper Box A',100.00),
(23,10,'Upper Box B',100.00),
(24,11,'VIP PEAT',16000.00),
(25,11,'Patron A',15000.00),
(26,11,'Patron B',14000.00),
(27,11,'Upper Box A',13000.00),
(28,11,'Upper Box B',12000.00),
(29,12,'Floor Standing',15000.00),
(30,12,'VIP Standing',14000.00),
(31,12,'Lower Box',13500.00),
(32,12,'Upper Box',9000.00),
(33,12,'General Admission',3000.00),
(34,13,'VVIP',12720.00),
(35,13,'VIP Seated',11660.00),
(36,13,'Gold',7950.00),
(37,13,'Silver',5830.00),
(38,13,'Bronze',3710.00),
(39,14,'VVIP',16290.00),
(40,14,'VIP',13032.00),
(41,14,'Patron A',9774.00),
(42,14,'Patron B',8145.00),
(43,14,'General Admission',4344.00),
(44,15,'VIP PIT',17500.00),
(45,15,'Patron A',11000.00),
(46,15,'Patron B',8000.00),
(47,15,'Upper Box A',5750.00),
(48,15,'Upper Box B',1750.00),
(49,16,'Floor Standing',19500.00),
(50,16,'VIP Standing',14000.00),
(51,16,'Lower Box',11500.00),
(52,16,'Upper Box',6000.00),
(53,16,'General Admission',3000.00);

/*Table structure for table `concerts` */

DROP TABLE IF EXISTS `concerts`;

CREATE TABLE `concerts` (
  `id` int NOT NULL AUTO_INCREMENT,
  `name` varchar(255) DEFAULT NULL,
  `artist` varchar(255) DEFAULT NULL,
  `date` date DEFAULT NULL,
  `location` varchar(255) DEFAULT NULL,
  `layout` int DEFAULT NULL,
  `poster` varchar(255) DEFAULT NULL,
  `created_by` int DEFAULT NULL,
  `status` enum('upcoming','done') DEFAULT 'upcoming',
  PRIMARY KEY (`id`)
) ENGINE=InnoDB AUTO_INCREMENT=17 DEFAULT CHARSET=utf8mb4 COLLATE=utf8mb4_0900_ai_ci;

/*Data for the table `concerts` */

insert  into `concerts`(`id`,`name`,`artist`,`date`,`location`,`layout`,`poster`,`created_by`,`status`) values 
(13,'KAION IN MANILA','Kai','2025-07-27','Smart Araneta Coliseum',3,'EXO-KAI-MANILA-2025-1-960x1200.jpeg',NULL,'upcoming'),
(14,'Air Supply 50th Anniversary Celebration','Air Supply','2025-09-18','Solaire Grand Ballroom, Solaire Resort Entertainment City',1,'air_supply.jpg',NULL,'upcoming'),
(15,'‘THIS IS FOR’ World Tour','Twice','2025-10-04','Philippine Arena, Bocaue Road, Bocaue, Bulacan',4,'twice.jpeg',NULL,'upcoming'),
(16,'Blackpink 2025 World Tour','Blackpink','2025-11-22','Philippine Arena, Bocaue Road, Bocaue, Bulacan',2,'BP.jpg',NULL,'upcoming');

/*Table structure for table `notifications` */

DROP TABLE IF EXISTS `notifications`;

CREATE TABLE `notifications` (
  `id` int NOT NULL AUTO_INCREMENT,
  `user_id` int DEFAULT NULL,
  `concert_id` int DEFAULT NULL,
  `order_id` int DEFAULT NULL,
  `created_at` timestamp NULL DEFAULT CURRENT_TIMESTAMP,
  PRIMARY KEY (`id`)
) ENGINE=InnoDB AUTO_INCREMENT=18 DEFAULT CHARSET=utf8mb4 COLLATE=utf8mb4_0900_ai_ci;

/*Data for the table `notifications` */

insert  into `notifications`(`id`,`user_id`,`concert_id`,`order_id`,`created_at`) values 
(1,4,3,1,'2025-07-15 19:54:29'),
(2,4,3,2,'2025-07-15 19:58:38'),
(3,4,3,3,'2025-07-15 20:00:27'),
(4,4,3,4,'2025-07-15 20:01:07'),
(5,4,3,5,'2025-07-15 20:02:40'),
(6,4,3,6,'2025-07-15 20:04:24'),
(7,4,3,7,'2025-07-15 20:06:50'),
(8,4,3,8,'2025-07-15 21:30:46'),
(9,4,3,9,'2025-07-15 21:32:04'),
(10,4,3,10,'2025-07-15 21:33:21'),
(11,4,3,11,'2025-07-15 21:35:20'),
(12,4,3,12,'2025-07-15 21:40:18'),
(13,4,6,13,'2025-07-16 22:39:54'),
(14,4,11,14,'2025-07-16 22:57:33'),
(15,4,11,15,'2025-07-17 21:41:08'),
(16,4,11,16,'2025-07-17 23:26:43'),
(17,4,13,17,'2025-07-19 13:50:46');

/*Table structure for table `order_items` */

DROP TABLE IF EXISTS `order_items`;

CREATE TABLE `order_items` (
  `id` int NOT NULL AUTO_INCREMENT,
  `order_id` int DEFAULT NULL,
  `seat_id` int DEFAULT NULL,
  PRIMARY KEY (`id`)
) ENGINE=InnoDB AUTO_INCREMENT=37 DEFAULT CHARSET=utf8mb4 COLLATE=utf8mb4_0900_ai_ci;

/*Data for the table `order_items` */

insert  into `order_items`(`id`,`order_id`,`seat_id`) values 
(1,1,16),
(2,2,17),
(3,2,18),
(4,2,21),
(5,3,1),
(6,3,6),
(7,3,11),
(8,3,19),
(9,3,22),
(10,4,23),
(11,5,12),
(12,6,7),
(13,7,8),
(14,8,4),
(15,9,3),
(16,10,5),
(17,11,2),
(18,11,9),
(19,12,10),
(20,12,14),
(21,13,80),
(22,14,129),
(23,14,139),
(24,14,149),
(25,14,159),
(26,14,164),
(27,15,138),
(28,15,148),
(29,15,158),
(30,15,160),
(31,15,173),
(32,16,141),
(33,16,163),
(34,16,169),
(35,17,264),
(36,17,784);

/*Table structure for table `orders` */

DROP TABLE IF EXISTS `orders`;

CREATE TABLE `orders` (
  `id` int NOT NULL AUTO_INCREMENT,
  `user_id` int DEFAULT NULL,
  `concert_id` int DEFAULT NULL,
  `total_price` decimal(10,2) DEFAULT NULL,
  `timestamp` timestamp NULL DEFAULT CURRENT_TIMESTAMP,
  `fullname` varchar(100) CHARACTER SET utf8mb4 COLLATE utf8mb4_0900_ai_ci DEFAULT NULL,
  `address` varchar(255) DEFAULT NULL,
  `number` varchar(20) CHARACTER SET utf8mb4 COLLATE utf8mb4_0900_ai_ci DEFAULT NULL,
  `email` varchar(100) DEFAULT NULL,
  `payment` varchar(50) CHARACTER SET utf8mb4 COLLATE utf8mb4_0900_ai_ci DEFAULT NULL,
  PRIMARY KEY (`id`)
) ENGINE=InnoDB AUTO_INCREMENT=18 DEFAULT CHARSET=utf8mb4 COLLATE=utf8mb4_0900_ai_ci;

/*Data for the table `orders` */

insert  into `orders`(`id`,`user_id`,`concert_id`,`total_price`,`timestamp`,`fullname`,`address`,`number`,`email`,`payment`) values 
(1,4,3,10000.00,'2025-07-15 19:54:29',NULL,NULL,NULL,NULL,NULL),
(2,4,3,29500.00,'2025-07-15 19:58:38',NULL,NULL,NULL,NULL,NULL),
(3,4,3,79500.00,'2025-07-15 20:00:27',NULL,NULL,NULL,NULL,NULL),
(4,4,3,9500.00,'2025-07-15 20:01:07',NULL,NULL,NULL,NULL,NULL),
(5,4,3,15000.00,'2025-07-15 20:02:40',NULL,NULL,NULL,NULL,NULL),
(6,4,3,20000.00,'2025-07-15 20:04:24',NULL,NULL,NULL,NULL,NULL),
(7,4,3,20000.00,'2025-07-15 20:06:50',NULL,NULL,NULL,NULL,NULL),
(8,4,3,30000.00,'2025-07-15 21:30:46',NULL,NULL,NULL,NULL,NULL),
(9,4,3,30000.00,'2025-07-15 21:32:04',NULL,NULL,NULL,NULL,NULL),
(10,4,3,30000.00,'2025-07-15 21:33:21',NULL,NULL,NULL,NULL,NULL),
(11,4,3,50000.00,'2025-07-15 21:35:20',NULL,NULL,NULL,NULL,NULL),
(12,4,3,35000.00,'2025-07-15 21:40:18',NULL,NULL,NULL,NULL,NULL),
(13,4,6,100.00,'2025-07-16 22:39:54',NULL,NULL,NULL,NULL,NULL),
(14,4,11,70000.00,'2025-07-16 22:57:33',NULL,NULL,NULL,NULL,NULL),
(15,4,11,70000.00,'2025-07-17 21:41:08',NULL,NULL,NULL,NULL,NULL),
(16,4,11,40000.00,'2025-07-17 23:26:43',NULL,NULL,NULL,NULL,NULL),
(17,4,13,16430.00,'2025-07-19 13:50:46',NULL,NULL,NULL,NULL,NULL);

/*Table structure for table `seats` */

DROP TABLE IF EXISTS `seats`;

CREATE TABLE `seats` (
  `id` int NOT NULL AUTO_INCREMENT,
  `label` varchar(50) DEFAULT NULL,
  `category_id` int DEFAULT NULL,
  `concert_id` int DEFAULT NULL,
  `status` enum('available','sold') DEFAULT 'available',
  PRIMARY KEY (`id`)
) ENGINE=InnoDB AUTO_INCREMENT=2764 DEFAULT CHARSET=utf8mb4 COLLATE=utf8mb4_0900_ai_ci;

/*Data for the table `seats` */

insert  into `seats`(`id`,`label`,`category_id`,`concert_id`,`status`) values 
(264,'VVIP_1',34,13,'sold'),
(265,'VVIP_2',34,13,'available'),
(266,'VVIP_3',34,13,'available'),
(267,'VVIP_4',34,13,'available'),
(268,'VVIP_5',34,13,'available'),
(269,'VVIP_6',34,13,'available'),
(270,'VVIP_7',34,13,'available'),
(271,'VVIP_8',34,13,'available'),
(272,'VVIP_9',34,13,'available'),
(273,'VVIP_10',34,13,'available'),
(274,'VVIP_11',34,13,'available'),
(275,'VVIP_12',34,13,'available'),
(276,'VVIP_13',34,13,'available'),
(277,'VVIP_14',34,13,'available'),
(278,'VVIP_15',34,13,'available'),
(279,'VVIP_16',34,13,'available'),
(280,'VVIP_17',34,13,'available'),
(281,'VVIP_18',34,13,'available'),
(282,'VVIP_19',34,13,'available'),
(283,'VVIP_20',34,13,'available'),
(284,'VVIP_21',34,13,'available'),
(285,'VVIP_22',34,13,'available'),
(286,'VVIP_23',34,13,'available'),
(287,'VVIP_24',34,13,'available'),
(288,'VVIP_25',34,13,'available'),
(289,'VVIP_26',34,13,'available'),
(290,'VVIP_27',34,13,'available'),
(291,'VVIP_28',34,13,'available'),
(292,'VVIP_29',34,13,'available'),
(293,'VVIP_30',34,13,'available'),
(294,'VVIP_31',34,13,'available'),
(295,'VVIP_32',34,13,'available'),
(296,'VVIP_33',34,13,'available'),
(297,'VVIP_34',34,13,'available'),
(298,'VVIP_35',34,13,'available'),
(299,'VVIP_36',34,13,'available'),
(300,'VVIP_37',34,13,'available'),
(301,'VVIP_38',34,13,'available'),
(302,'VVIP_39',34,13,'available'),
(303,'VVIP_40',34,13,'available'),
(304,'VVIP_41',34,13,'available'),
(305,'VVIP_42',34,13,'available'),
(306,'VVIP_43',34,13,'available'),
(307,'VVIP_44',34,13,'available'),
(308,'VVIP_45',34,13,'available'),
(309,'VVIP_46',34,13,'available'),
(310,'VVIP_47',34,13,'available'),
(311,'VVIP_48',34,13,'available'),
(312,'VVIP_49',34,13,'available'),
(313,'VVIP_50',34,13,'available'),
(314,'VVIP_51',34,13,'available'),
(315,'VVIP_52',34,13,'available'),
(316,'VVIP_53',34,13,'available'),
(317,'VVIP_54',34,13,'available'),
(318,'VVIP_55',34,13,'available'),
(319,'VVIP_56',34,13,'available'),
(320,'VVIP_57',34,13,'available'),
(321,'VVIP_58',34,13,'available'),
(322,'VVIP_59',34,13,'available'),
(323,'VVIP_60',34,13,'available'),
(324,'VVIP_61',34,13,'available'),
(325,'VVIP_62',34,13,'available'),
(326,'VVIP_63',34,13,'available'),
(327,'VVIP_64',34,13,'available'),
(328,'VVIP_65',34,13,'available'),
(329,'VVIP_66',34,13,'available'),
(330,'VVIP_67',34,13,'available'),
(331,'VVIP_68',34,13,'available'),
(332,'VVIP_69',34,13,'available'),
(333,'VVIP_70',34,13,'available'),
(334,'VVIP_71',34,13,'available'),
(335,'VVIP_72',34,13,'available'),
(336,'VVIP_73',34,13,'available'),
(337,'VVIP_74',34,13,'available'),
(338,'VVIP_75',34,13,'available'),
(339,'VVIP_76',34,13,'available'),
(340,'VVIP_77',34,13,'available'),
(341,'VVIP_78',34,13,'available'),
(342,'VVIP_79',34,13,'available'),
(343,'VVIP_80',34,13,'available'),
(344,'VVIP_81',34,13,'available'),
(345,'VVIP_82',34,13,'available'),
(346,'VVIP_83',34,13,'available'),
(347,'VVIP_84',34,13,'available'),
(348,'VVIP_85',34,13,'available'),
(349,'VVIP_86',34,13,'available'),
(350,'VVIP_87',34,13,'available'),
(351,'VVIP_88',34,13,'available'),
(352,'VVIP_89',34,13,'available'),
(353,'VVIP_90',34,13,'available'),
(354,'VVIP_91',34,13,'available'),
(355,'VVIP_92',34,13,'available'),
(356,'VVIP_93',34,13,'available'),
(357,'VVIP_94',34,13,'available'),
(358,'VVIP_95',34,13,'available'),
(359,'VVIP_96',34,13,'available'),
(360,'VVIP_97',34,13,'available'),
(361,'VVIP_98',34,13,'available'),
(362,'VVIP_99',34,13,'available'),
(363,'VVIP_100',34,13,'available'),
(364,'VVIP_101',34,13,'available'),
(365,'VVIP_102',34,13,'available'),
(366,'VVIP_103',34,13,'available'),
(367,'VVIP_104',34,13,'available'),
(368,'VVIP_105',34,13,'available'),
(369,'VVIP_106',34,13,'available'),
(370,'VVIP_107',34,13,'available'),
(371,'VVIP_108',34,13,'available'),
(372,'VVIP_109',34,13,'available'),
(373,'VVIP_110',34,13,'available'),
(374,'VVIP_111',34,13,'available'),
(375,'VVIP_112',34,13,'available'),
(376,'VVIP_113',34,13,'available'),
(377,'VVIP_114',34,13,'available'),
(378,'VVIP_115',34,13,'available'),
(379,'VVIP_116',34,13,'available'),
(380,'VVIP_117',34,13,'available'),
(381,'VVIP_118',34,13,'available'),
(382,'VVIP_119',34,13,'available'),
(383,'VVIP_120',34,13,'available'),
(384,'VIP_Seated_1',35,13,'available'),
(385,'VIP_Seated_2',35,13,'available'),
(386,'VIP_Seated_3',35,13,'available'),
(387,'VIP_Seated_4',35,13,'available'),
(388,'VIP_Seated_5',35,13,'available'),
(389,'VIP_Seated_6',35,13,'available'),
(390,'VIP_Seated_7',35,13,'available'),
(391,'VIP_Seated_8',35,13,'available'),
(392,'VIP_Seated_9',35,13,'available'),
(393,'VIP_Seated_10',35,13,'available'),
(394,'VIP_Seated_11',35,13,'available'),
(395,'VIP_Seated_12',35,13,'available'),
(396,'VIP_Seated_13',35,13,'available'),
(397,'VIP_Seated_14',35,13,'available'),
(398,'VIP_Seated_15',35,13,'available'),
(399,'VIP_Seated_16',35,13,'available'),
(400,'VIP_Seated_17',35,13,'available'),
(401,'VIP_Seated_18',35,13,'available'),
(402,'VIP_Seated_19',35,13,'available'),
(403,'VIP_Seated_20',35,13,'available'),
(404,'VIP_Seated_21',35,13,'available'),
(405,'VIP_Seated_22',35,13,'available'),
(406,'VIP_Seated_23',35,13,'available'),
(407,'VIP_Seated_24',35,13,'available'),
(408,'VIP_Seated_25',35,13,'available'),
(409,'VIP_Seated_26',35,13,'available'),
(410,'VIP_Seated_27',35,13,'available'),
(411,'VIP_Seated_28',35,13,'available'),
(412,'VIP_Seated_29',35,13,'available'),
(413,'VIP_Seated_30',35,13,'available'),
(414,'VIP_Seated_31',35,13,'available'),
(415,'VIP_Seated_32',35,13,'available'),
(416,'VIP_Seated_33',35,13,'available'),
(417,'VIP_Seated_34',35,13,'available'),
(418,'VIP_Seated_35',35,13,'available'),
(419,'VIP_Seated_36',35,13,'available'),
(420,'VIP_Seated_37',35,13,'available'),
(421,'VIP_Seated_38',35,13,'available'),
(422,'VIP_Seated_39',35,13,'available'),
(423,'VIP_Seated_40',35,13,'available'),
(424,'VIP_Seated_41',35,13,'available'),
(425,'VIP_Seated_42',35,13,'available'),
(426,'VIP_Seated_43',35,13,'available'),
(427,'VIP_Seated_44',35,13,'available'),
(428,'VIP_Seated_45',35,13,'available'),
(429,'VIP_Seated_46',35,13,'available'),
(430,'VIP_Seated_47',35,13,'available'),
(431,'VIP_Seated_48',35,13,'available'),
(432,'VIP_Seated_49',35,13,'available'),
(433,'VIP_Seated_50',35,13,'available'),
(434,'VIP_Seated_51',35,13,'available'),
(435,'VIP_Seated_52',35,13,'available'),
(436,'VIP_Seated_53',35,13,'available'),
(437,'VIP_Seated_54',35,13,'available'),
(438,'VIP_Seated_55',35,13,'available'),
(439,'VIP_Seated_56',35,13,'available'),
(440,'VIP_Seated_57',35,13,'available'),
(441,'VIP_Seated_58',35,13,'available'),
(442,'VIP_Seated_59',35,13,'available'),
(443,'VIP_Seated_60',35,13,'available'),
(444,'VIP_Seated_61',35,13,'available'),
(445,'VIP_Seated_62',35,13,'available'),
(446,'VIP_Seated_63',35,13,'available'),
(447,'VIP_Seated_64',35,13,'available'),
(448,'VIP_Seated_65',35,13,'available'),
(449,'VIP_Seated_66',35,13,'available'),
(450,'VIP_Seated_67',35,13,'available'),
(451,'VIP_Seated_68',35,13,'available'),
(452,'VIP_Seated_69',35,13,'available'),
(453,'VIP_Seated_70',35,13,'available'),
(454,'VIP_Seated_71',35,13,'available'),
(455,'VIP_Seated_72',35,13,'available'),
(456,'VIP_Seated_73',35,13,'available'),
(457,'VIP_Seated_74',35,13,'available'),
(458,'VIP_Seated_75',35,13,'available'),
(459,'VIP_Seated_76',35,13,'available'),
(460,'VIP_Seated_77',35,13,'available'),
(461,'VIP_Seated_78',35,13,'available'),
(462,'VIP_Seated_79',35,13,'available'),
(463,'VIP_Seated_80',35,13,'available'),
(464,'VIP_Seated_81',35,13,'available'),
(465,'VIP_Seated_82',35,13,'available'),
(466,'VIP_Seated_83',35,13,'available'),
(467,'VIP_Seated_84',35,13,'available'),
(468,'VIP_Seated_85',35,13,'available'),
(469,'VIP_Seated_86',35,13,'available'),
(470,'VIP_Seated_87',35,13,'available'),
(471,'VIP_Seated_88',35,13,'available'),
(472,'VIP_Seated_89',35,13,'available'),
(473,'VIP_Seated_90',35,13,'available'),
(474,'VIP_Seated_91',35,13,'available'),
(475,'VIP_Seated_92',35,13,'available'),
(476,'VIP_Seated_93',35,13,'available'),
(477,'VIP_Seated_94',35,13,'available'),
(478,'VIP_Seated_95',35,13,'available'),
(479,'VIP_Seated_96',35,13,'available'),
(480,'VIP_Seated_97',35,13,'available'),
(481,'VIP_Seated_98',35,13,'available'),
(482,'VIP_Seated_99',35,13,'available'),
(483,'VIP_Seated_100',35,13,'available'),
(484,'Gold_1',36,13,'available'),
(485,'Gold_2',36,13,'available'),
(486,'Gold_3',36,13,'available'),
(487,'Gold_4',36,13,'available'),
(488,'Gold_5',36,13,'available'),
(489,'Gold_6',36,13,'available'),
(490,'Gold_7',36,13,'available'),
(491,'Gold_8',36,13,'available'),
(492,'Gold_9',36,13,'available'),
(493,'Gold_10',36,13,'available'),
(494,'Gold_11',36,13,'available'),
(495,'Gold_12',36,13,'available'),
(496,'Gold_13',36,13,'available'),
(497,'Gold_14',36,13,'available'),
(498,'Gold_15',36,13,'available'),
(499,'Gold_16',36,13,'available'),
(500,'Gold_17',36,13,'available'),
(501,'Gold_18',36,13,'available'),
(502,'Gold_19',36,13,'available'),
(503,'Gold_20',36,13,'available'),
(504,'Gold_21',36,13,'available'),
(505,'Gold_22',36,13,'available'),
(506,'Gold_23',36,13,'available'),
(507,'Gold_24',36,13,'available'),
(508,'Gold_25',36,13,'available'),
(509,'Gold_26',36,13,'available'),
(510,'Gold_27',36,13,'available'),
(511,'Gold_28',36,13,'available'),
(512,'Gold_29',36,13,'available'),
(513,'Gold_30',36,13,'available'),
(514,'Gold_31',36,13,'available'),
(515,'Gold_32',36,13,'available'),
(516,'Gold_33',36,13,'available'),
(517,'Gold_34',36,13,'available'),
(518,'Gold_35',36,13,'available'),
(519,'Gold_36',36,13,'available'),
(520,'Gold_37',36,13,'available'),
(521,'Gold_38',36,13,'available'),
(522,'Gold_39',36,13,'available'),
(523,'Gold_40',36,13,'available'),
(524,'Gold_41',36,13,'available'),
(525,'Gold_42',36,13,'available'),
(526,'Gold_43',36,13,'available'),
(527,'Gold_44',36,13,'available'),
(528,'Gold_45',36,13,'available'),
(529,'Gold_46',36,13,'available'),
(530,'Gold_47',36,13,'available'),
(531,'Gold_48',36,13,'available'),
(532,'Gold_49',36,13,'available'),
(533,'Gold_50',36,13,'available'),
(534,'Gold_51',36,13,'available'),
(535,'Gold_52',36,13,'available'),
(536,'Gold_53',36,13,'available'),
(537,'Gold_54',36,13,'available'),
(538,'Gold_55',36,13,'available'),
(539,'Gold_56',36,13,'available'),
(540,'Gold_57',36,13,'available'),
(541,'Gold_58',36,13,'available'),
(542,'Gold_59',36,13,'available'),
(543,'Gold_60',36,13,'available'),
(544,'Gold_61',36,13,'available'),
(545,'Gold_62',36,13,'available'),
(546,'Gold_63',36,13,'available'),
(547,'Gold_64',36,13,'available'),
(548,'Gold_65',36,13,'available'),
(549,'Gold_66',36,13,'available'),
(550,'Gold_67',36,13,'available'),
(551,'Gold_68',36,13,'available'),
(552,'Gold_69',36,13,'available'),
(553,'Gold_70',36,13,'available'),
(554,'Gold_71',36,13,'available'),
(555,'Gold_72',36,13,'available'),
(556,'Gold_73',36,13,'available'),
(557,'Gold_74',36,13,'available'),
(558,'Gold_75',36,13,'available'),
(559,'Gold_76',36,13,'available'),
(560,'Gold_77',36,13,'available'),
(561,'Gold_78',36,13,'available'),
(562,'Gold_79',36,13,'available'),
(563,'Gold_80',36,13,'available'),
(564,'Gold_81',36,13,'available'),
(565,'Gold_82',36,13,'available'),
(566,'Gold_83',36,13,'available'),
(567,'Gold_84',36,13,'available'),
(568,'Gold_85',36,13,'available'),
(569,'Gold_86',36,13,'available'),
(570,'Gold_87',36,13,'available'),
(571,'Gold_88',36,13,'available'),
(572,'Gold_89',36,13,'available'),
(573,'Gold_90',36,13,'available'),
(574,'Gold_91',36,13,'available'),
(575,'Gold_92',36,13,'available'),
(576,'Gold_93',36,13,'available'),
(577,'Gold_94',36,13,'available'),
(578,'Gold_95',36,13,'available'),
(579,'Gold_96',36,13,'available'),
(580,'Gold_97',36,13,'available'),
(581,'Gold_98',36,13,'available'),
(582,'Gold_99',36,13,'available'),
(583,'Gold_100',36,13,'available'),
(584,'Gold_101',36,13,'available'),
(585,'Gold_102',36,13,'available'),
(586,'Gold_103',36,13,'available'),
(587,'Gold_104',36,13,'available'),
(588,'Gold_105',36,13,'available'),
(589,'Gold_106',36,13,'available'),
(590,'Gold_107',36,13,'available'),
(591,'Gold_108',36,13,'available'),
(592,'Gold_109',36,13,'available'),
(593,'Gold_110',36,13,'available'),
(594,'Gold_111',36,13,'available'),
(595,'Gold_112',36,13,'available'),
(596,'Gold_113',36,13,'available'),
(597,'Gold_114',36,13,'available'),
(598,'Gold_115',36,13,'available'),
(599,'Gold_116',36,13,'available'),
(600,'Gold_117',36,13,'available'),
(601,'Gold_118',36,13,'available'),
(602,'Gold_119',36,13,'available'),
(603,'Gold_120',36,13,'available'),
(604,'Gold_121',36,13,'available'),
(605,'Gold_122',36,13,'available'),
(606,'Gold_123',36,13,'available'),
(607,'Gold_124',36,13,'available'),
(608,'Gold_125',36,13,'available'),
(609,'Gold_126',36,13,'available'),
(610,'Gold_127',36,13,'available'),
(611,'Gold_128',36,13,'available'),
(612,'Gold_129',36,13,'available'),
(613,'Gold_130',36,13,'available'),
(614,'Gold_131',36,13,'available'),
(615,'Gold_132',36,13,'available'),
(616,'Gold_133',36,13,'available'),
(617,'Gold_134',36,13,'available'),
(618,'Gold_135',36,13,'available'),
(619,'Gold_136',36,13,'available'),
(620,'Gold_137',36,13,'available'),
(621,'Gold_138',36,13,'available'),
(622,'Gold_139',36,13,'available'),
(623,'Gold_140',36,13,'available'),
(624,'Gold_141',36,13,'available'),
(625,'Gold_142',36,13,'available'),
(626,'Gold_143',36,13,'available'),
(627,'Gold_144',36,13,'available'),
(628,'Gold_145',36,13,'available'),
(629,'Gold_146',36,13,'available'),
(630,'Gold_147',36,13,'available'),
(631,'Gold_148',36,13,'available'),
(632,'Gold_149',36,13,'available'),
(633,'Gold_150',36,13,'available'),
(634,'Silver_1',37,13,'available'),
(635,'Silver_2',37,13,'available'),
(636,'Silver_3',37,13,'available'),
(637,'Silver_4',37,13,'available'),
(638,'Silver_5',37,13,'available'),
(639,'Silver_6',37,13,'available'),
(640,'Silver_7',37,13,'available'),
(641,'Silver_8',37,13,'available'),
(642,'Silver_9',37,13,'available'),
(643,'Silver_10',37,13,'available'),
(644,'Silver_11',37,13,'available'),
(645,'Silver_12',37,13,'available'),
(646,'Silver_13',37,13,'available'),
(647,'Silver_14',37,13,'available'),
(648,'Silver_15',37,13,'available'),
(649,'Silver_16',37,13,'available'),
(650,'Silver_17',37,13,'available'),
(651,'Silver_18',37,13,'available'),
(652,'Silver_19',37,13,'available'),
(653,'Silver_20',37,13,'available'),
(654,'Silver_21',37,13,'available'),
(655,'Silver_22',37,13,'available'),
(656,'Silver_23',37,13,'available'),
(657,'Silver_24',37,13,'available'),
(658,'Silver_25',37,13,'available'),
(659,'Silver_26',37,13,'available'),
(660,'Silver_27',37,13,'available'),
(661,'Silver_28',37,13,'available'),
(662,'Silver_29',37,13,'available'),
(663,'Silver_30',37,13,'available'),
(664,'Silver_31',37,13,'available'),
(665,'Silver_32',37,13,'available'),
(666,'Silver_33',37,13,'available'),
(667,'Silver_34',37,13,'available'),
(668,'Silver_35',37,13,'available'),
(669,'Silver_36',37,13,'available'),
(670,'Silver_37',37,13,'available'),
(671,'Silver_38',37,13,'available'),
(672,'Silver_39',37,13,'available'),
(673,'Silver_40',37,13,'available'),
(674,'Silver_41',37,13,'available'),
(675,'Silver_42',37,13,'available'),
(676,'Silver_43',37,13,'available'),
(677,'Silver_44',37,13,'available'),
(678,'Silver_45',37,13,'available'),
(679,'Silver_46',37,13,'available'),
(680,'Silver_47',37,13,'available'),
(681,'Silver_48',37,13,'available'),
(682,'Silver_49',37,13,'available'),
(683,'Silver_50',37,13,'available'),
(684,'Silver_51',37,13,'available'),
(685,'Silver_52',37,13,'available'),
(686,'Silver_53',37,13,'available'),
(687,'Silver_54',37,13,'available'),
(688,'Silver_55',37,13,'available'),
(689,'Silver_56',37,13,'available'),
(690,'Silver_57',37,13,'available'),
(691,'Silver_58',37,13,'available'),
(692,'Silver_59',37,13,'available'),
(693,'Silver_60',37,13,'available'),
(694,'Silver_61',37,13,'available'),
(695,'Silver_62',37,13,'available'),
(696,'Silver_63',37,13,'available'),
(697,'Silver_64',37,13,'available'),
(698,'Silver_65',37,13,'available'),
(699,'Silver_66',37,13,'available'),
(700,'Silver_67',37,13,'available'),
(701,'Silver_68',37,13,'available'),
(702,'Silver_69',37,13,'available'),
(703,'Silver_70',37,13,'available'),
(704,'Silver_71',37,13,'available'),
(705,'Silver_72',37,13,'available'),
(706,'Silver_73',37,13,'available'),
(707,'Silver_74',37,13,'available'),
(708,'Silver_75',37,13,'available'),
(709,'Silver_76',37,13,'available'),
(710,'Silver_77',37,13,'available'),
(711,'Silver_78',37,13,'available'),
(712,'Silver_79',37,13,'available'),
(713,'Silver_80',37,13,'available'),
(714,'Silver_81',37,13,'available'),
(715,'Silver_82',37,13,'available'),
(716,'Silver_83',37,13,'available'),
(717,'Silver_84',37,13,'available'),
(718,'Silver_85',37,13,'available'),
(719,'Silver_86',37,13,'available'),
(720,'Silver_87',37,13,'available'),
(721,'Silver_88',37,13,'available'),
(722,'Silver_89',37,13,'available'),
(723,'Silver_90',37,13,'available'),
(724,'Silver_91',37,13,'available'),
(725,'Silver_92',37,13,'available'),
(726,'Silver_93',37,13,'available'),
(727,'Silver_94',37,13,'available'),
(728,'Silver_95',37,13,'available'),
(729,'Silver_96',37,13,'available'),
(730,'Silver_97',37,13,'available'),
(731,'Silver_98',37,13,'available'),
(732,'Silver_99',37,13,'available'),
(733,'Silver_100',37,13,'available'),
(734,'Silver_101',37,13,'available'),
(735,'Silver_102',37,13,'available'),
(736,'Silver_103',37,13,'available'),
(737,'Silver_104',37,13,'available'),
(738,'Silver_105',37,13,'available'),
(739,'Silver_106',37,13,'available'),
(740,'Silver_107',37,13,'available'),
(741,'Silver_108',37,13,'available'),
(742,'Silver_109',37,13,'available'),
(743,'Silver_110',37,13,'available'),
(744,'Silver_111',37,13,'available'),
(745,'Silver_112',37,13,'available'),
(746,'Silver_113',37,13,'available'),
(747,'Silver_114',37,13,'available'),
(748,'Silver_115',37,13,'available'),
(749,'Silver_116',37,13,'available'),
(750,'Silver_117',37,13,'available'),
(751,'Silver_118',37,13,'available'),
(752,'Silver_119',37,13,'available'),
(753,'Silver_120',37,13,'available'),
(754,'Silver_121',37,13,'available'),
(755,'Silver_122',37,13,'available'),
(756,'Silver_123',37,13,'available'),
(757,'Silver_124',37,13,'available'),
(758,'Silver_125',37,13,'available'),
(759,'Silver_126',37,13,'available'),
(760,'Silver_127',37,13,'available'),
(761,'Silver_128',37,13,'available'),
(762,'Silver_129',37,13,'available'),
(763,'Silver_130',37,13,'available'),
(764,'Silver_131',37,13,'available'),
(765,'Silver_132',37,13,'available'),
(766,'Silver_133',37,13,'available'),
(767,'Silver_134',37,13,'available'),
(768,'Silver_135',37,13,'available'),
(769,'Silver_136',37,13,'available'),
(770,'Silver_137',37,13,'available'),
(771,'Silver_138',37,13,'available'),
(772,'Silver_139',37,13,'available'),
(773,'Silver_140',37,13,'available'),
(774,'Silver_141',37,13,'available'),
(775,'Silver_142',37,13,'available'),
(776,'Silver_143',37,13,'available'),
(777,'Silver_144',37,13,'available'),
(778,'Silver_145',37,13,'available'),
(779,'Silver_146',37,13,'available'),
(780,'Silver_147',37,13,'available'),
(781,'Silver_148',37,13,'available'),
(782,'Silver_149',37,13,'available'),
(783,'Silver_150',37,13,'available'),
(784,'Bronze_1',38,13,'sold'),
(785,'Bronze_2',38,13,'available'),
(786,'Bronze_3',38,13,'available'),
(787,'Bronze_4',38,13,'available'),
(788,'Bronze_5',38,13,'available'),
(789,'Bronze_6',38,13,'available'),
(790,'Bronze_7',38,13,'available'),
(791,'Bronze_8',38,13,'available'),
(792,'Bronze_9',38,13,'available'),
(793,'Bronze_10',38,13,'available'),
(794,'Bronze_11',38,13,'available'),
(795,'Bronze_12',38,13,'available'),
(796,'Bronze_13',38,13,'available'),
(797,'Bronze_14',38,13,'available'),
(798,'Bronze_15',38,13,'available'),
(799,'Bronze_16',38,13,'available'),
(800,'Bronze_17',38,13,'available'),
(801,'Bronze_18',38,13,'available'),
(802,'Bronze_19',38,13,'available'),
(803,'Bronze_20',38,13,'available'),
(804,'Bronze_21',38,13,'available'),
(805,'Bronze_22',38,13,'available'),
(806,'Bronze_23',38,13,'available'),
(807,'Bronze_24',38,13,'available'),
(808,'Bronze_25',38,13,'available'),
(809,'Bronze_26',38,13,'available'),
(810,'Bronze_27',38,13,'available'),
(811,'Bronze_28',38,13,'available'),
(812,'Bronze_29',38,13,'available'),
(813,'Bronze_30',38,13,'available'),
(814,'Bronze_31',38,13,'available'),
(815,'Bronze_32',38,13,'available'),
(816,'Bronze_33',38,13,'available'),
(817,'Bronze_34',38,13,'available'),
(818,'Bronze_35',38,13,'available'),
(819,'Bronze_36',38,13,'available'),
(820,'Bronze_37',38,13,'available'),
(821,'Bronze_38',38,13,'available'),
(822,'Bronze_39',38,13,'available'),
(823,'Bronze_40',38,13,'available'),
(824,'Bronze_41',38,13,'available'),
(825,'Bronze_42',38,13,'available'),
(826,'Bronze_43',38,13,'available'),
(827,'Bronze_44',38,13,'available'),
(828,'Bronze_45',38,13,'available'),
(829,'Bronze_46',38,13,'available'),
(830,'Bronze_47',38,13,'available'),
(831,'Bronze_48',38,13,'available'),
(832,'Bronze_49',38,13,'available'),
(833,'Bronze_50',38,13,'available'),
(834,'Bronze_51',38,13,'available'),
(835,'Bronze_52',38,13,'available'),
(836,'Bronze_53',38,13,'available'),
(837,'Bronze_54',38,13,'available'),
(838,'Bronze_55',38,13,'available'),
(839,'Bronze_56',38,13,'available'),
(840,'Bronze_57',38,13,'available'),
(841,'Bronze_58',38,13,'available'),
(842,'Bronze_59',38,13,'available'),
(843,'Bronze_60',38,13,'available'),
(844,'Bronze_61',38,13,'available'),
(845,'Bronze_62',38,13,'available'),
(846,'Bronze_63',38,13,'available'),
(847,'Bronze_64',38,13,'available'),
(848,'Bronze_65',38,13,'available'),
(849,'Bronze_66',38,13,'available'),
(850,'Bronze_67',38,13,'available'),
(851,'Bronze_68',38,13,'available'),
(852,'Bronze_69',38,13,'available'),
(853,'Bronze_70',38,13,'available'),
(854,'Bronze_71',38,13,'available'),
(855,'Bronze_72',38,13,'available'),
(856,'Bronze_73',38,13,'available'),
(857,'Bronze_74',38,13,'available'),
(858,'Bronze_75',38,13,'available'),
(859,'Bronze_76',38,13,'available'),
(860,'Bronze_77',38,13,'available'),
(861,'Bronze_78',38,13,'available'),
(862,'Bronze_79',38,13,'available'),
(863,'Bronze_80',38,13,'available'),
(864,'Bronze_81',38,13,'available'),
(865,'Bronze_82',38,13,'available'),
(866,'Bronze_83',38,13,'available'),
(867,'Bronze_84',38,13,'available'),
(868,'Bronze_85',38,13,'available'),
(869,'Bronze_86',38,13,'available'),
(870,'Bronze_87',38,13,'available'),
(871,'Bronze_88',38,13,'available'),
(872,'Bronze_89',38,13,'available'),
(873,'Bronze_90',38,13,'available'),
(874,'Bronze_91',38,13,'available'),
(875,'Bronze_92',38,13,'available'),
(876,'Bronze_93',38,13,'available'),
(877,'Bronze_94',38,13,'available'),
(878,'Bronze_95',38,13,'available'),
(879,'Bronze_96',38,13,'available'),
(880,'Bronze_97',38,13,'available'),
(881,'Bronze_98',38,13,'available'),
(882,'Bronze_99',38,13,'available'),
(883,'Bronze_100',38,13,'available'),
(884,'Bronze_101',38,13,'available'),
(885,'Bronze_102',38,13,'available'),
(886,'Bronze_103',38,13,'available'),
(887,'Bronze_104',38,13,'available'),
(888,'Bronze_105',38,13,'available'),
(889,'Bronze_106',38,13,'available'),
(890,'Bronze_107',38,13,'available'),
(891,'Bronze_108',38,13,'available'),
(892,'Bronze_109',38,13,'available'),
(893,'Bronze_110',38,13,'available'),
(894,'Bronze_111',38,13,'available'),
(895,'Bronze_112',38,13,'available'),
(896,'Bronze_113',38,13,'available'),
(897,'Bronze_114',38,13,'available'),
(898,'Bronze_115',38,13,'available'),
(899,'Bronze_116',38,13,'available'),
(900,'Bronze_117',38,13,'available'),
(901,'Bronze_118',38,13,'available'),
(902,'Bronze_119',38,13,'available'),
(903,'Bronze_120',38,13,'available'),
(904,'Bronze_121',38,13,'available'),
(905,'Bronze_122',38,13,'available'),
(906,'Bronze_123',38,13,'available'),
(907,'Bronze_124',38,13,'available'),
(908,'Bronze_125',38,13,'available'),
(909,'Bronze_126',38,13,'available'),
(910,'Bronze_127',38,13,'available'),
(911,'Bronze_128',38,13,'available'),
(912,'Bronze_129',38,13,'available'),
(913,'Bronze_130',38,13,'available'),
(914,'Bronze_131',38,13,'available'),
(915,'Bronze_132',38,13,'available'),
(916,'Bronze_133',38,13,'available'),
(917,'Bronze_134',38,13,'available'),
(918,'Bronze_135',38,13,'available'),
(919,'Bronze_136',38,13,'available'),
(920,'Bronze_137',38,13,'available'),
(921,'Bronze_138',38,13,'available'),
(922,'Bronze_139',38,13,'available'),
(923,'Bronze_140',38,13,'available'),
(924,'Bronze_141',38,13,'available'),
(925,'Bronze_142',38,13,'available'),
(926,'Bronze_143',38,13,'available'),
(927,'Bronze_144',38,13,'available'),
(928,'Bronze_145',38,13,'available'),
(929,'Bronze_146',38,13,'available'),
(930,'Bronze_147',38,13,'available'),
(931,'Bronze_148',38,13,'available'),
(932,'Bronze_149',38,13,'available'),
(933,'Bronze_150',38,13,'available'),
(934,'Bronze_151',38,13,'available'),
(935,'Bronze_152',38,13,'available'),
(936,'Bronze_153',38,13,'available'),
(937,'Bronze_154',38,13,'available'),
(938,'Bronze_155',38,13,'available'),
(939,'Bronze_156',38,13,'available'),
(940,'Bronze_157',38,13,'available'),
(941,'Bronze_158',38,13,'available'),
(942,'Bronze_159',38,13,'available'),
(943,'Bronze_160',38,13,'available'),
(944,'Bronze_161',38,13,'available'),
(945,'Bronze_162',38,13,'available'),
(946,'Bronze_163',38,13,'available'),
(947,'Bronze_164',38,13,'available'),
(948,'Bronze_165',38,13,'available'),
(949,'Bronze_166',38,13,'available'),
(950,'Bronze_167',38,13,'available'),
(951,'Bronze_168',38,13,'available'),
(952,'Bronze_169',38,13,'available'),
(953,'Bronze_170',38,13,'available'),
(954,'Bronze_171',38,13,'available'),
(955,'Bronze_172',38,13,'available'),
(956,'Bronze_173',38,13,'available'),
(957,'Bronze_174',38,13,'available'),
(958,'Bronze_175',38,13,'available'),
(959,'Bronze_176',38,13,'available'),
(960,'Bronze_177',38,13,'available'),
(961,'Bronze_178',38,13,'available'),
(962,'Bronze_179',38,13,'available'),
(963,'Bronze_180',38,13,'available'),
(964,'Bronze_181',38,13,'available'),
(965,'Bronze_182',38,13,'available'),
(966,'Bronze_183',38,13,'available'),
(967,'Bronze_184',38,13,'available'),
(968,'Bronze_185',38,13,'available'),
(969,'Bronze_186',38,13,'available'),
(970,'Bronze_187',38,13,'available'),
(971,'Bronze_188',38,13,'available'),
(972,'Bronze_189',38,13,'available'),
(973,'Bronze_190',38,13,'available'),
(974,'Bronze_191',38,13,'available'),
(975,'Bronze_192',38,13,'available'),
(976,'Bronze_193',38,13,'available'),
(977,'Bronze_194',38,13,'available'),
(978,'Bronze_195',38,13,'available'),
(979,'Bronze_196',38,13,'available'),
(980,'Bronze_197',38,13,'available'),
(981,'Bronze_198',38,13,'available'),
(982,'Bronze_199',38,13,'available'),
(983,'Bronze_200',38,13,'available'),
(984,'VVIP_1',39,14,'available'),
(985,'VVIP_2',39,14,'available'),
(986,'VVIP_3',39,14,'available'),
(987,'VVIP_4',39,14,'available'),
(988,'VVIP_5',39,14,'available'),
(989,'VVIP_6',39,14,'available'),
(990,'VVIP_7',39,14,'available'),
(991,'VVIP_8',39,14,'available'),
(992,'VVIP_9',39,14,'available'),
(993,'VVIP_10',39,14,'available'),
(994,'VVIP_11',39,14,'available'),
(995,'VVIP_12',39,14,'available'),
(996,'VVIP_13',39,14,'available'),
(997,'VVIP_14',39,14,'available'),
(998,'VVIP_15',39,14,'available'),
(999,'VVIP_16',39,14,'available'),
(1000,'VVIP_17',39,14,'available'),
(1001,'VVIP_18',39,14,'available'),
(1002,'VVIP_19',39,14,'available'),
(1003,'VVIP_20',39,14,'available'),
(1004,'VVIP_21',39,14,'available'),
(1005,'VVIP_22',39,14,'available'),
(1006,'VVIP_23',39,14,'available'),
(1007,'VVIP_24',39,14,'available'),
(1008,'VVIP_25',39,14,'available'),
(1009,'VVIP_26',39,14,'available'),
(1010,'VVIP_27',39,14,'available'),
(1011,'VVIP_28',39,14,'available'),
(1012,'VVIP_29',39,14,'available'),
(1013,'VVIP_30',39,14,'available'),
(1014,'VVIP_31',39,14,'available'),
(1015,'VVIP_32',39,14,'available'),
(1016,'VVIP_33',39,14,'available'),
(1017,'VVIP_34',39,14,'available'),
(1018,'VVIP_35',39,14,'available'),
(1019,'VVIP_36',39,14,'available'),
(1020,'VVIP_37',39,14,'available'),
(1021,'VVIP_38',39,14,'available'),
(1022,'VVIP_39',39,14,'available'),
(1023,'VVIP_40',39,14,'available'),
(1024,'VVIP_41',39,14,'available'),
(1025,'VVIP_42',39,14,'available'),
(1026,'VVIP_43',39,14,'available'),
(1027,'VVIP_44',39,14,'available'),
(1028,'VVIP_45',39,14,'available'),
(1029,'VVIP_46',39,14,'available'),
(1030,'VVIP_47',39,14,'available'),
(1031,'VVIP_48',39,14,'available'),
(1032,'VVIP_49',39,14,'available'),
(1033,'VVIP_50',39,14,'available'),
(1034,'VVIP_51',39,14,'available'),
(1035,'VVIP_52',39,14,'available'),
(1036,'VVIP_53',39,14,'available'),
(1037,'VVIP_54',39,14,'available'),
(1038,'VVIP_55',39,14,'available'),
(1039,'VVIP_56',39,14,'available'),
(1040,'VVIP_57',39,14,'available'),
(1041,'VVIP_58',39,14,'available'),
(1042,'VVIP_59',39,14,'available'),
(1043,'VVIP_60',39,14,'available'),
(1044,'VVIP_61',39,14,'available'),
(1045,'VVIP_62',39,14,'available'),
(1046,'VVIP_63',39,14,'available'),
(1047,'VVIP_64',39,14,'available'),
(1048,'VVIP_65',39,14,'available'),
(1049,'VVIP_66',39,14,'available'),
(1050,'VVIP_67',39,14,'available'),
(1051,'VVIP_68',39,14,'available'),
(1052,'VVIP_69',39,14,'available'),
(1053,'VVIP_70',39,14,'available'),
(1054,'VVIP_71',39,14,'available'),
(1055,'VVIP_72',39,14,'available'),
(1056,'VVIP_73',39,14,'available'),
(1057,'VVIP_74',39,14,'available'),
(1058,'VVIP_75',39,14,'available'),
(1059,'VVIP_76',39,14,'available'),
(1060,'VVIP_77',39,14,'available'),
(1061,'VVIP_78',39,14,'available'),
(1062,'VVIP_79',39,14,'available'),
(1063,'VVIP_80',39,14,'available'),
(1064,'VVIP_81',39,14,'available'),
(1065,'VVIP_82',39,14,'available'),
(1066,'VVIP_83',39,14,'available'),
(1067,'VVIP_84',39,14,'available'),
(1068,'VVIP_85',39,14,'available'),
(1069,'VVIP_86',39,14,'available'),
(1070,'VVIP_87',39,14,'available'),
(1071,'VVIP_88',39,14,'available'),
(1072,'VVIP_89',39,14,'available'),
(1073,'VVIP_90',39,14,'available'),
(1074,'VVIP_91',39,14,'available'),
(1075,'VVIP_92',39,14,'available'),
(1076,'VVIP_93',39,14,'available'),
(1077,'VVIP_94',39,14,'available'),
(1078,'VVIP_95',39,14,'available'),
(1079,'VVIP_96',39,14,'available'),
(1080,'VVIP_97',39,14,'available'),
(1081,'VVIP_98',39,14,'available'),
(1082,'VVIP_99',39,14,'available'),
(1083,'VVIP_100',39,14,'available'),
(1084,'VIP_1',40,14,'available'),
(1085,'VIP_2',40,14,'available'),
(1086,'VIP_3',40,14,'available'),
(1087,'VIP_4',40,14,'available'),
(1088,'VIP_5',40,14,'available'),
(1089,'VIP_6',40,14,'available'),
(1090,'VIP_7',40,14,'available'),
(1091,'VIP_8',40,14,'available'),
(1092,'VIP_9',40,14,'available'),
(1093,'VIP_10',40,14,'available'),
(1094,'VIP_11',40,14,'available'),
(1095,'VIP_12',40,14,'available'),
(1096,'VIP_13',40,14,'available'),
(1097,'VIP_14',40,14,'available'),
(1098,'VIP_15',40,14,'available'),
(1099,'VIP_16',40,14,'available'),
(1100,'VIP_17',40,14,'available'),
(1101,'VIP_18',40,14,'available'),
(1102,'VIP_19',40,14,'available'),
(1103,'VIP_20',40,14,'available'),
(1104,'VIP_21',40,14,'available'),
(1105,'VIP_22',40,14,'available'),
(1106,'VIP_23',40,14,'available'),
(1107,'VIP_24',40,14,'available'),
(1108,'VIP_25',40,14,'available'),
(1109,'VIP_26',40,14,'available'),
(1110,'VIP_27',40,14,'available'),
(1111,'VIP_28',40,14,'available'),
(1112,'VIP_29',40,14,'available'),
(1113,'VIP_30',40,14,'available'),
(1114,'VIP_31',40,14,'available'),
(1115,'VIP_32',40,14,'available'),
(1116,'VIP_33',40,14,'available'),
(1117,'VIP_34',40,14,'available'),
(1118,'VIP_35',40,14,'available'),
(1119,'VIP_36',40,14,'available'),
(1120,'VIP_37',40,14,'available'),
(1121,'VIP_38',40,14,'available'),
(1122,'VIP_39',40,14,'available'),
(1123,'VIP_40',40,14,'available'),
(1124,'VIP_41',40,14,'available'),
(1125,'VIP_42',40,14,'available'),
(1126,'VIP_43',40,14,'available'),
(1127,'VIP_44',40,14,'available'),
(1128,'VIP_45',40,14,'available'),
(1129,'VIP_46',40,14,'available'),
(1130,'VIP_47',40,14,'available'),
(1131,'VIP_48',40,14,'available'),
(1132,'VIP_49',40,14,'available'),
(1133,'VIP_50',40,14,'available'),
(1134,'VIP_51',40,14,'available'),
(1135,'VIP_52',40,14,'available'),
(1136,'VIP_53',40,14,'available'),
(1137,'VIP_54',40,14,'available'),
(1138,'VIP_55',40,14,'available'),
(1139,'VIP_56',40,14,'available'),
(1140,'VIP_57',40,14,'available'),
(1141,'VIP_58',40,14,'available'),
(1142,'VIP_59',40,14,'available'),
(1143,'VIP_60',40,14,'available'),
(1144,'VIP_61',40,14,'available'),
(1145,'VIP_62',40,14,'available'),
(1146,'VIP_63',40,14,'available'),
(1147,'VIP_64',40,14,'available'),
(1148,'VIP_65',40,14,'available'),
(1149,'VIP_66',40,14,'available'),
(1150,'VIP_67',40,14,'available'),
(1151,'VIP_68',40,14,'available'),
(1152,'VIP_69',40,14,'available'),
(1153,'VIP_70',40,14,'available'),
(1154,'VIP_71',40,14,'available'),
(1155,'VIP_72',40,14,'available'),
(1156,'VIP_73',40,14,'available'),
(1157,'VIP_74',40,14,'available'),
(1158,'VIP_75',40,14,'available'),
(1159,'VIP_76',40,14,'available'),
(1160,'VIP_77',40,14,'available'),
(1161,'VIP_78',40,14,'available'),
(1162,'VIP_79',40,14,'available'),
(1163,'VIP_80',40,14,'available'),
(1164,'VIP_81',40,14,'available'),
(1165,'VIP_82',40,14,'available'),
(1166,'VIP_83',40,14,'available'),
(1167,'VIP_84',40,14,'available'),
(1168,'VIP_85',40,14,'available'),
(1169,'VIP_86',40,14,'available'),
(1170,'VIP_87',40,14,'available'),
(1171,'VIP_88',40,14,'available'),
(1172,'VIP_89',40,14,'available'),
(1173,'VIP_90',40,14,'available'),
(1174,'VIP_91',40,14,'available'),
(1175,'VIP_92',40,14,'available'),
(1176,'VIP_93',40,14,'available'),
(1177,'VIP_94',40,14,'available'),
(1178,'VIP_95',40,14,'available'),
(1179,'VIP_96',40,14,'available'),
(1180,'VIP_97',40,14,'available'),
(1181,'VIP_98',40,14,'available'),
(1182,'VIP_99',40,14,'available'),
(1183,'VIP_100',40,14,'available'),
(1184,'Patron_A_1',41,14,'available'),
(1185,'Patron_A_2',41,14,'available'),
(1186,'Patron_A_3',41,14,'available'),
(1187,'Patron_A_4',41,14,'available'),
(1188,'Patron_A_5',41,14,'available'),
(1189,'Patron_A_6',41,14,'available'),
(1190,'Patron_A_7',41,14,'available'),
(1191,'Patron_A_8',41,14,'available'),
(1192,'Patron_A_9',41,14,'available'),
(1193,'Patron_A_10',41,14,'available'),
(1194,'Patron_A_11',41,14,'available'),
(1195,'Patron_A_12',41,14,'available'),
(1196,'Patron_A_13',41,14,'available'),
(1197,'Patron_A_14',41,14,'available'),
(1198,'Patron_A_15',41,14,'available'),
(1199,'Patron_A_16',41,14,'available'),
(1200,'Patron_A_17',41,14,'available'),
(1201,'Patron_A_18',41,14,'available'),
(1202,'Patron_A_19',41,14,'available'),
(1203,'Patron_A_20',41,14,'available'),
(1204,'Patron_A_21',41,14,'available'),
(1205,'Patron_A_22',41,14,'available'),
(1206,'Patron_A_23',41,14,'available'),
(1207,'Patron_A_24',41,14,'available'),
(1208,'Patron_A_25',41,14,'available'),
(1209,'Patron_A_26',41,14,'available'),
(1210,'Patron_A_27',41,14,'available'),
(1211,'Patron_A_28',41,14,'available'),
(1212,'Patron_A_29',41,14,'available'),
(1213,'Patron_A_30',41,14,'available'),
(1214,'Patron_A_31',41,14,'available'),
(1215,'Patron_A_32',41,14,'available'),
(1216,'Patron_A_33',41,14,'available'),
(1217,'Patron_A_34',41,14,'available'),
(1218,'Patron_A_35',41,14,'available'),
(1219,'Patron_A_36',41,14,'available'),
(1220,'Patron_A_37',41,14,'available'),
(1221,'Patron_A_38',41,14,'available'),
(1222,'Patron_A_39',41,14,'available'),
(1223,'Patron_A_40',41,14,'available'),
(1224,'Patron_A_41',41,14,'available'),
(1225,'Patron_A_42',41,14,'available'),
(1226,'Patron_A_43',41,14,'available'),
(1227,'Patron_A_44',41,14,'available'),
(1228,'Patron_A_45',41,14,'available'),
(1229,'Patron_A_46',41,14,'available'),
(1230,'Patron_A_47',41,14,'available'),
(1231,'Patron_A_48',41,14,'available'),
(1232,'Patron_A_49',41,14,'available'),
(1233,'Patron_A_50',41,14,'available'),
(1234,'Patron_A_51',41,14,'available'),
(1235,'Patron_A_52',41,14,'available'),
(1236,'Patron_A_53',41,14,'available'),
(1237,'Patron_A_54',41,14,'available'),
(1238,'Patron_A_55',41,14,'available'),
(1239,'Patron_A_56',41,14,'available'),
(1240,'Patron_A_57',41,14,'available'),
(1241,'Patron_A_58',41,14,'available'),
(1242,'Patron_A_59',41,14,'available'),
(1243,'Patron_A_60',41,14,'available'),
(1244,'Patron_A_61',41,14,'available'),
(1245,'Patron_A_62',41,14,'available'),
(1246,'Patron_A_63',41,14,'available'),
(1247,'Patron_A_64',41,14,'available'),
(1248,'Patron_A_65',41,14,'available'),
(1249,'Patron_A_66',41,14,'available'),
(1250,'Patron_A_67',41,14,'available'),
(1251,'Patron_A_68',41,14,'available'),
(1252,'Patron_A_69',41,14,'available'),
(1253,'Patron_A_70',41,14,'available'),
(1254,'Patron_A_71',41,14,'available'),
(1255,'Patron_A_72',41,14,'available'),
(1256,'Patron_A_73',41,14,'available'),
(1257,'Patron_A_74',41,14,'available'),
(1258,'Patron_A_75',41,14,'available'),
(1259,'Patron_A_76',41,14,'available'),
(1260,'Patron_A_77',41,14,'available'),
(1261,'Patron_A_78',41,14,'available'),
(1262,'Patron_A_79',41,14,'available'),
(1263,'Patron_A_80',41,14,'available'),
(1264,'Patron_A_81',41,14,'available'),
(1265,'Patron_A_82',41,14,'available'),
(1266,'Patron_A_83',41,14,'available'),
(1267,'Patron_A_84',41,14,'available'),
(1268,'Patron_A_85',41,14,'available'),
(1269,'Patron_A_86',41,14,'available'),
(1270,'Patron_A_87',41,14,'available'),
(1271,'Patron_A_88',41,14,'available'),
(1272,'Patron_A_89',41,14,'available'),
(1273,'Patron_A_90',41,14,'available'),
(1274,'Patron_A_91',41,14,'available'),
(1275,'Patron_A_92',41,14,'available'),
(1276,'Patron_A_93',41,14,'available'),
(1277,'Patron_A_94',41,14,'available'),
(1278,'Patron_A_95',41,14,'available'),
(1279,'Patron_A_96',41,14,'available'),
(1280,'Patron_A_97',41,14,'available'),
(1281,'Patron_A_98',41,14,'available'),
(1282,'Patron_A_99',41,14,'available'),
(1283,'Patron_A_100',41,14,'available'),
(1284,'Patron_B_1',42,14,'available'),
(1285,'Patron_B_2',42,14,'available'),
(1286,'Patron_B_3',42,14,'available'),
(1287,'Patron_B_4',42,14,'available'),
(1288,'Patron_B_5',42,14,'available'),
(1289,'Patron_B_6',42,14,'available'),
(1290,'Patron_B_7',42,14,'available'),
(1291,'Patron_B_8',42,14,'available'),
(1292,'Patron_B_9',42,14,'available'),
(1293,'Patron_B_10',42,14,'available'),
(1294,'Patron_B_11',42,14,'available'),
(1295,'Patron_B_12',42,14,'available'),
(1296,'Patron_B_13',42,14,'available'),
(1297,'Patron_B_14',42,14,'available'),
(1298,'Patron_B_15',42,14,'available'),
(1299,'Patron_B_16',42,14,'available'),
(1300,'Patron_B_17',42,14,'available'),
(1301,'Patron_B_18',42,14,'available'),
(1302,'Patron_B_19',42,14,'available'),
(1303,'Patron_B_20',42,14,'available'),
(1304,'Patron_B_21',42,14,'available'),
(1305,'Patron_B_22',42,14,'available'),
(1306,'Patron_B_23',42,14,'available'),
(1307,'Patron_B_24',42,14,'available'),
(1308,'Patron_B_25',42,14,'available'),
(1309,'Patron_B_26',42,14,'available'),
(1310,'Patron_B_27',42,14,'available'),
(1311,'Patron_B_28',42,14,'available'),
(1312,'Patron_B_29',42,14,'available'),
(1313,'Patron_B_30',42,14,'available'),
(1314,'Patron_B_31',42,14,'available'),
(1315,'Patron_B_32',42,14,'available'),
(1316,'Patron_B_33',42,14,'available'),
(1317,'Patron_B_34',42,14,'available'),
(1318,'Patron_B_35',42,14,'available'),
(1319,'Patron_B_36',42,14,'available'),
(1320,'Patron_B_37',42,14,'available'),
(1321,'Patron_B_38',42,14,'available'),
(1322,'Patron_B_39',42,14,'available'),
(1323,'Patron_B_40',42,14,'available'),
(1324,'Patron_B_41',42,14,'available'),
(1325,'Patron_B_42',42,14,'available'),
(1326,'Patron_B_43',42,14,'available'),
(1327,'Patron_B_44',42,14,'available'),
(1328,'Patron_B_45',42,14,'available'),
(1329,'Patron_B_46',42,14,'available'),
(1330,'Patron_B_47',42,14,'available'),
(1331,'Patron_B_48',42,14,'available'),
(1332,'Patron_B_49',42,14,'available'),
(1333,'Patron_B_50',42,14,'available'),
(1334,'Patron_B_51',42,14,'available'),
(1335,'Patron_B_52',42,14,'available'),
(1336,'Patron_B_53',42,14,'available'),
(1337,'Patron_B_54',42,14,'available'),
(1338,'Patron_B_55',42,14,'available'),
(1339,'Patron_B_56',42,14,'available'),
(1340,'Patron_B_57',42,14,'available'),
(1341,'Patron_B_58',42,14,'available'),
(1342,'Patron_B_59',42,14,'available'),
(1343,'Patron_B_60',42,14,'available'),
(1344,'Patron_B_61',42,14,'available'),
(1345,'Patron_B_62',42,14,'available'),
(1346,'Patron_B_63',42,14,'available'),
(1347,'Patron_B_64',42,14,'available'),
(1348,'Patron_B_65',42,14,'available'),
(1349,'Patron_B_66',42,14,'available'),
(1350,'Patron_B_67',42,14,'available'),
(1351,'Patron_B_68',42,14,'available'),
(1352,'Patron_B_69',42,14,'available'),
(1353,'Patron_B_70',42,14,'available'),
(1354,'Patron_B_71',42,14,'available'),
(1355,'Patron_B_72',42,14,'available'),
(1356,'Patron_B_73',42,14,'available'),
(1357,'Patron_B_74',42,14,'available'),
(1358,'Patron_B_75',42,14,'available'),
(1359,'Patron_B_76',42,14,'available'),
(1360,'Patron_B_77',42,14,'available'),
(1361,'Patron_B_78',42,14,'available'),
(1362,'Patron_B_79',42,14,'available'),
(1363,'Patron_B_80',42,14,'available'),
(1364,'Patron_B_81',42,14,'available'),
(1365,'Patron_B_82',42,14,'available'),
(1366,'Patron_B_83',42,14,'available'),
(1367,'Patron_B_84',42,14,'available'),
(1368,'Patron_B_85',42,14,'available'),
(1369,'Patron_B_86',42,14,'available'),
(1370,'Patron_B_87',42,14,'available'),
(1371,'Patron_B_88',42,14,'available'),
(1372,'Patron_B_89',42,14,'available'),
(1373,'Patron_B_90',42,14,'available'),
(1374,'Patron_B_91',42,14,'available'),
(1375,'Patron_B_92',42,14,'available'),
(1376,'Patron_B_93',42,14,'available'),
(1377,'Patron_B_94',42,14,'available'),
(1378,'Patron_B_95',42,14,'available'),
(1379,'Patron_B_96',42,14,'available'),
(1380,'Patron_B_97',42,14,'available'),
(1381,'Patron_B_98',42,14,'available'),
(1382,'Patron_B_99',42,14,'available'),
(1383,'Patron_B_100',42,14,'available'),
(1384,'General_Admission_1',43,14,'available'),
(1385,'General_Admission_2',43,14,'available'),
(1386,'General_Admission_3',43,14,'available'),
(1387,'General_Admission_4',43,14,'available'),
(1388,'General_Admission_5',43,14,'available'),
(1389,'General_Admission_6',43,14,'available'),
(1390,'General_Admission_7',43,14,'available'),
(1391,'General_Admission_8',43,14,'available'),
(1392,'General_Admission_9',43,14,'available'),
(1393,'General_Admission_10',43,14,'available'),
(1394,'General_Admission_11',43,14,'available'),
(1395,'General_Admission_12',43,14,'available'),
(1396,'General_Admission_13',43,14,'available'),
(1397,'General_Admission_14',43,14,'available'),
(1398,'General_Admission_15',43,14,'available'),
(1399,'General_Admission_16',43,14,'available'),
(1400,'General_Admission_17',43,14,'available'),
(1401,'General_Admission_18',43,14,'available'),
(1402,'General_Admission_19',43,14,'available'),
(1403,'General_Admission_20',43,14,'available'),
(1404,'General_Admission_21',43,14,'available'),
(1405,'General_Admission_22',43,14,'available'),
(1406,'General_Admission_23',43,14,'available'),
(1407,'General_Admission_24',43,14,'available'),
(1408,'General_Admission_25',43,14,'available'),
(1409,'General_Admission_26',43,14,'available'),
(1410,'General_Admission_27',43,14,'available'),
(1411,'General_Admission_28',43,14,'available'),
(1412,'General_Admission_29',43,14,'available'),
(1413,'General_Admission_30',43,14,'available'),
(1414,'General_Admission_31',43,14,'available'),
(1415,'General_Admission_32',43,14,'available'),
(1416,'General_Admission_33',43,14,'available'),
(1417,'General_Admission_34',43,14,'available'),
(1418,'General_Admission_35',43,14,'available'),
(1419,'General_Admission_36',43,14,'available'),
(1420,'General_Admission_37',43,14,'available'),
(1421,'General_Admission_38',43,14,'available'),
(1422,'General_Admission_39',43,14,'available'),
(1423,'General_Admission_40',43,14,'available'),
(1424,'General_Admission_41',43,14,'available'),
(1425,'General_Admission_42',43,14,'available'),
(1426,'General_Admission_43',43,14,'available'),
(1427,'General_Admission_44',43,14,'available'),
(1428,'General_Admission_45',43,14,'available'),
(1429,'General_Admission_46',43,14,'available'),
(1430,'General_Admission_47',43,14,'available'),
(1431,'General_Admission_48',43,14,'available'),
(1432,'General_Admission_49',43,14,'available'),
(1433,'General_Admission_50',43,14,'available'),
(1434,'General_Admission_51',43,14,'available'),
(1435,'General_Admission_52',43,14,'available'),
(1436,'General_Admission_53',43,14,'available'),
(1437,'General_Admission_54',43,14,'available'),
(1438,'General_Admission_55',43,14,'available'),
(1439,'General_Admission_56',43,14,'available'),
(1440,'General_Admission_57',43,14,'available'),
(1441,'General_Admission_58',43,14,'available'),
(1442,'General_Admission_59',43,14,'available'),
(1443,'General_Admission_60',43,14,'available'),
(1444,'General_Admission_61',43,14,'available'),
(1445,'General_Admission_62',43,14,'available'),
(1446,'General_Admission_63',43,14,'available'),
(1447,'General_Admission_64',43,14,'available'),
(1448,'General_Admission_65',43,14,'available'),
(1449,'General_Admission_66',43,14,'available'),
(1450,'General_Admission_67',43,14,'available'),
(1451,'General_Admission_68',43,14,'available'),
(1452,'General_Admission_69',43,14,'available'),
(1453,'General_Admission_70',43,14,'available'),
(1454,'General_Admission_71',43,14,'available'),
(1455,'General_Admission_72',43,14,'available'),
(1456,'General_Admission_73',43,14,'available'),
(1457,'General_Admission_74',43,14,'available'),
(1458,'General_Admission_75',43,14,'available'),
(1459,'General_Admission_76',43,14,'available'),
(1460,'General_Admission_77',43,14,'available'),
(1461,'General_Admission_78',43,14,'available'),
(1462,'General_Admission_79',43,14,'available'),
(1463,'General_Admission_80',43,14,'available'),
(1464,'General_Admission_81',43,14,'available'),
(1465,'General_Admission_82',43,14,'available'),
(1466,'General_Admission_83',43,14,'available'),
(1467,'General_Admission_84',43,14,'available'),
(1468,'General_Admission_85',43,14,'available'),
(1469,'General_Admission_86',43,14,'available'),
(1470,'General_Admission_87',43,14,'available'),
(1471,'General_Admission_88',43,14,'available'),
(1472,'General_Admission_89',43,14,'available'),
(1473,'General_Admission_90',43,14,'available'),
(1474,'General_Admission_91',43,14,'available'),
(1475,'General_Admission_92',43,14,'available'),
(1476,'General_Admission_93',43,14,'available'),
(1477,'General_Admission_94',43,14,'available'),
(1478,'General_Admission_95',43,14,'available'),
(1479,'General_Admission_96',43,14,'available'),
(1480,'General_Admission_97',43,14,'available'),
(1481,'General_Admission_98',43,14,'available'),
(1482,'General_Admission_99',43,14,'available'),
(1483,'General_Admission_100',43,14,'available'),
(1484,'General_Admission_101',43,14,'available'),
(1485,'General_Admission_102',43,14,'available'),
(1486,'General_Admission_103',43,14,'available'),
(1487,'General_Admission_104',43,14,'available'),
(1488,'General_Admission_105',43,14,'available'),
(1489,'General_Admission_106',43,14,'available'),
(1490,'General_Admission_107',43,14,'available'),
(1491,'General_Admission_108',43,14,'available'),
(1492,'General_Admission_109',43,14,'available'),
(1493,'General_Admission_110',43,14,'available'),
(1494,'General_Admission_111',43,14,'available'),
(1495,'General_Admission_112',43,14,'available'),
(1496,'General_Admission_113',43,14,'available'),
(1497,'General_Admission_114',43,14,'available'),
(1498,'General_Admission_115',43,14,'available'),
(1499,'General_Admission_116',43,14,'available'),
(1500,'General_Admission_117',43,14,'available'),
(1501,'General_Admission_118',43,14,'available'),
(1502,'General_Admission_119',43,14,'available'),
(1503,'General_Admission_120',43,14,'available'),
(1504,'General_Admission_121',43,14,'available'),
(1505,'General_Admission_122',43,14,'available'),
(1506,'General_Admission_123',43,14,'available'),
(1507,'General_Admission_124',43,14,'available'),
(1508,'General_Admission_125',43,14,'available'),
(1509,'General_Admission_126',43,14,'available'),
(1510,'General_Admission_127',43,14,'available'),
(1511,'General_Admission_128',43,14,'available'),
(1512,'General_Admission_129',43,14,'available'),
(1513,'General_Admission_130',43,14,'available'),
(1514,'General_Admission_131',43,14,'available'),
(1515,'General_Admission_132',43,14,'available'),
(1516,'General_Admission_133',43,14,'available'),
(1517,'General_Admission_134',43,14,'available'),
(1518,'General_Admission_135',43,14,'available'),
(1519,'General_Admission_136',43,14,'available'),
(1520,'General_Admission_137',43,14,'available'),
(1521,'General_Admission_138',43,14,'available'),
(1522,'General_Admission_139',43,14,'available'),
(1523,'General_Admission_140',43,14,'available'),
(1524,'General_Admission_141',43,14,'available'),
(1525,'General_Admission_142',43,14,'available'),
(1526,'General_Admission_143',43,14,'available'),
(1527,'General_Admission_144',43,14,'available'),
(1528,'General_Admission_145',43,14,'available'),
(1529,'General_Admission_146',43,14,'available'),
(1530,'General_Admission_147',43,14,'available'),
(1531,'General_Admission_148',43,14,'available'),
(1532,'General_Admission_149',43,14,'available'),
(1533,'General_Admission_150',43,14,'available'),
(1534,'General_Admission_151',43,14,'available'),
(1535,'General_Admission_152',43,14,'available'),
(1536,'General_Admission_153',43,14,'available'),
(1537,'General_Admission_154',43,14,'available'),
(1538,'General_Admission_155',43,14,'available'),
(1539,'General_Admission_156',43,14,'available'),
(1540,'General_Admission_157',43,14,'available'),
(1541,'General_Admission_158',43,14,'available'),
(1542,'General_Admission_159',43,14,'available'),
(1543,'General_Admission_160',43,14,'available'),
(1544,'General_Admission_161',43,14,'available'),
(1545,'General_Admission_162',43,14,'available'),
(1546,'General_Admission_163',43,14,'available'),
(1547,'General_Admission_164',43,14,'available'),
(1548,'General_Admission_165',43,14,'available'),
(1549,'General_Admission_166',43,14,'available'),
(1550,'General_Admission_167',43,14,'available'),
(1551,'General_Admission_168',43,14,'available'),
(1552,'General_Admission_169',43,14,'available'),
(1553,'General_Admission_170',43,14,'available'),
(1554,'General_Admission_171',43,14,'available'),
(1555,'General_Admission_172',43,14,'available'),
(1556,'General_Admission_173',43,14,'available'),
(1557,'General_Admission_174',43,14,'available'),
(1558,'General_Admission_175',43,14,'available'),
(1559,'General_Admission_176',43,14,'available'),
(1560,'General_Admission_177',43,14,'available'),
(1561,'General_Admission_178',43,14,'available'),
(1562,'General_Admission_179',43,14,'available'),
(1563,'General_Admission_180',43,14,'available'),
(1564,'General_Admission_181',43,14,'available'),
(1565,'General_Admission_182',43,14,'available'),
(1566,'General_Admission_183',43,14,'available'),
(1567,'General_Admission_184',43,14,'available'),
(1568,'General_Admission_185',43,14,'available'),
(1569,'General_Admission_186',43,14,'available'),
(1570,'General_Admission_187',43,14,'available'),
(1571,'General_Admission_188',43,14,'available'),
(1572,'General_Admission_189',43,14,'available'),
(1573,'General_Admission_190',43,14,'available'),
(1574,'General_Admission_191',43,14,'available'),
(1575,'General_Admission_192',43,14,'available'),
(1576,'General_Admission_193',43,14,'available'),
(1577,'General_Admission_194',43,14,'available'),
(1578,'General_Admission_195',43,14,'available'),
(1579,'General_Admission_196',43,14,'available'),
(1580,'General_Admission_197',43,14,'available'),
(1581,'General_Admission_198',43,14,'available'),
(1582,'General_Admission_199',43,14,'available'),
(1583,'General_Admission_200',43,14,'available'),
(1584,'General_Admission_201',43,14,'available'),
(1585,'General_Admission_202',43,14,'available'),
(1586,'General_Admission_203',43,14,'available'),
(1587,'General_Admission_204',43,14,'available'),
(1588,'General_Admission_205',43,14,'available'),
(1589,'General_Admission_206',43,14,'available'),
(1590,'General_Admission_207',43,14,'available'),
(1591,'General_Admission_208',43,14,'available'),
(1592,'General_Admission_209',43,14,'available'),
(1593,'General_Admission_210',43,14,'available'),
(1594,'General_Admission_211',43,14,'available'),
(1595,'General_Admission_212',43,14,'available'),
(1596,'General_Admission_213',43,14,'available'),
(1597,'General_Admission_214',43,14,'available'),
(1598,'General_Admission_215',43,14,'available'),
(1599,'General_Admission_216',43,14,'available'),
(1600,'General_Admission_217',43,14,'available'),
(1601,'General_Admission_218',43,14,'available'),
(1602,'General_Admission_219',43,14,'available'),
(1603,'General_Admission_220',43,14,'available'),
(1604,'General_Admission_221',43,14,'available'),
(1605,'General_Admission_222',43,14,'available'),
(1606,'General_Admission_223',43,14,'available'),
(1607,'General_Admission_224',43,14,'available'),
(1608,'General_Admission_225',43,14,'available'),
(1609,'General_Admission_226',43,14,'available'),
(1610,'General_Admission_227',43,14,'available'),
(1611,'General_Admission_228',43,14,'available'),
(1612,'General_Admission_229',43,14,'available'),
(1613,'General_Admission_230',43,14,'available'),
(1614,'General_Admission_231',43,14,'available'),
(1615,'General_Admission_232',43,14,'available'),
(1616,'General_Admission_233',43,14,'available'),
(1617,'General_Admission_234',43,14,'available'),
(1618,'General_Admission_235',43,14,'available'),
(1619,'General_Admission_236',43,14,'available'),
(1620,'General_Admission_237',43,14,'available'),
(1621,'General_Admission_238',43,14,'available'),
(1622,'General_Admission_239',43,14,'available'),
(1623,'General_Admission_240',43,14,'available'),
(1624,'General_Admission_241',43,14,'available'),
(1625,'General_Admission_242',43,14,'available'),
(1626,'General_Admission_243',43,14,'available'),
(1627,'General_Admission_244',43,14,'available'),
(1628,'General_Admission_245',43,14,'available'),
(1629,'General_Admission_246',43,14,'available'),
(1630,'General_Admission_247',43,14,'available'),
(1631,'General_Admission_248',43,14,'available'),
(1632,'General_Admission_249',43,14,'available'),
(1633,'General_Admission_250',43,14,'available'),
(1634,'General_Admission_251',43,14,'available'),
(1635,'General_Admission_252',43,14,'available'),
(1636,'General_Admission_253',43,14,'available'),
(1637,'General_Admission_254',43,14,'available'),
(1638,'General_Admission_255',43,14,'available'),
(1639,'General_Admission_256',43,14,'available'),
(1640,'General_Admission_257',43,14,'available'),
(1641,'General_Admission_258',43,14,'available'),
(1642,'General_Admission_259',43,14,'available'),
(1643,'General_Admission_260',43,14,'available'),
(1644,'General_Admission_261',43,14,'available'),
(1645,'General_Admission_262',43,14,'available'),
(1646,'General_Admission_263',43,14,'available'),
(1647,'General_Admission_264',43,14,'available'),
(1648,'General_Admission_265',43,14,'available'),
(1649,'General_Admission_266',43,14,'available'),
(1650,'General_Admission_267',43,14,'available'),
(1651,'General_Admission_268',43,14,'available'),
(1652,'General_Admission_269',43,14,'available'),
(1653,'General_Admission_270',43,14,'available'),
(1654,'General_Admission_271',43,14,'available'),
(1655,'General_Admission_272',43,14,'available'),
(1656,'General_Admission_273',43,14,'available'),
(1657,'General_Admission_274',43,14,'available'),
(1658,'General_Admission_275',43,14,'available'),
(1659,'General_Admission_276',43,14,'available'),
(1660,'General_Admission_277',43,14,'available'),
(1661,'General_Admission_278',43,14,'available'),
(1662,'General_Admission_279',43,14,'available'),
(1663,'General_Admission_280',43,14,'available'),
(1664,'General_Admission_281',43,14,'available'),
(1665,'General_Admission_282',43,14,'available'),
(1666,'General_Admission_283',43,14,'available'),
(1667,'General_Admission_284',43,14,'available'),
(1668,'General_Admission_285',43,14,'available'),
(1669,'General_Admission_286',43,14,'available'),
(1670,'General_Admission_287',43,14,'available'),
(1671,'General_Admission_288',43,14,'available'),
(1672,'General_Admission_289',43,14,'available'),
(1673,'General_Admission_290',43,14,'available'),
(1674,'General_Admission_291',43,14,'available'),
(1675,'General_Admission_292',43,14,'available'),
(1676,'General_Admission_293',43,14,'available'),
(1677,'General_Admission_294',43,14,'available'),
(1678,'General_Admission_295',43,14,'available'),
(1679,'General_Admission_296',43,14,'available'),
(1680,'General_Admission_297',43,14,'available'),
(1681,'General_Admission_298',43,14,'available'),
(1682,'General_Admission_299',43,14,'available'),
(1683,'General_Admission_300',43,14,'available'),
(1684,'General_Admission_301',43,14,'available'),
(1685,'General_Admission_302',43,14,'available'),
(1686,'General_Admission_303',43,14,'available'),
(1687,'General_Admission_304',43,14,'available'),
(1688,'General_Admission_305',43,14,'available'),
(1689,'General_Admission_306',43,14,'available'),
(1690,'General_Admission_307',43,14,'available'),
(1691,'General_Admission_308',43,14,'available'),
(1692,'General_Admission_309',43,14,'available'),
(1693,'General_Admission_310',43,14,'available'),
(1694,'General_Admission_311',43,14,'available'),
(1695,'General_Admission_312',43,14,'available'),
(1696,'General_Admission_313',43,14,'available'),
(1697,'General_Admission_314',43,14,'available'),
(1698,'General_Admission_315',43,14,'available'),
(1699,'General_Admission_316',43,14,'available'),
(1700,'General_Admission_317',43,14,'available'),
(1701,'General_Admission_318',43,14,'available'),
(1702,'General_Admission_319',43,14,'available'),
(1703,'General_Admission_320',43,14,'available'),
(1704,'General_Admission_321',43,14,'available'),
(1705,'General_Admission_322',43,14,'available'),
(1706,'General_Admission_323',43,14,'available'),
(1707,'General_Admission_324',43,14,'available'),
(1708,'General_Admission_325',43,14,'available'),
(1709,'General_Admission_326',43,14,'available'),
(1710,'General_Admission_327',43,14,'available'),
(1711,'General_Admission_328',43,14,'available'),
(1712,'General_Admission_329',43,14,'available'),
(1713,'General_Admission_330',43,14,'available'),
(1714,'General_Admission_331',43,14,'available'),
(1715,'General_Admission_332',43,14,'available'),
(1716,'General_Admission_333',43,14,'available'),
(1717,'General_Admission_334',43,14,'available'),
(1718,'General_Admission_335',43,14,'available'),
(1719,'General_Admission_336',43,14,'available'),
(1720,'General_Admission_337',43,14,'available'),
(1721,'General_Admission_338',43,14,'available'),
(1722,'General_Admission_339',43,14,'available'),
(1723,'General_Admission_340',43,14,'available'),
(1724,'General_Admission_341',43,14,'available'),
(1725,'General_Admission_342',43,14,'available'),
(1726,'General_Admission_343',43,14,'available'),
(1727,'General_Admission_344',43,14,'available'),
(1728,'General_Admission_345',43,14,'available'),
(1729,'General_Admission_346',43,14,'available'),
(1730,'General_Admission_347',43,14,'available'),
(1731,'General_Admission_348',43,14,'available'),
(1732,'General_Admission_349',43,14,'available'),
(1733,'General_Admission_350',43,14,'available'),
(1734,'General_Admission_351',43,14,'available'),
(1735,'General_Admission_352',43,14,'available'),
(1736,'General_Admission_353',43,14,'available'),
(1737,'General_Admission_354',43,14,'available'),
(1738,'General_Admission_355',43,14,'available'),
(1739,'General_Admission_356',43,14,'available'),
(1740,'General_Admission_357',43,14,'available'),
(1741,'General_Admission_358',43,14,'available'),
(1742,'General_Admission_359',43,14,'available'),
(1743,'General_Admission_360',43,14,'available'),
(1744,'General_Admission_361',43,14,'available'),
(1745,'General_Admission_362',43,14,'available'),
(1746,'General_Admission_363',43,14,'available'),
(1747,'General_Admission_364',43,14,'available'),
(1748,'General_Admission_365',43,14,'available'),
(1749,'General_Admission_366',43,14,'available'),
(1750,'General_Admission_367',43,14,'available'),
(1751,'General_Admission_368',43,14,'available'),
(1752,'General_Admission_369',43,14,'available'),
(1753,'General_Admission_370',43,14,'available'),
(1754,'General_Admission_371',43,14,'available'),
(1755,'General_Admission_372',43,14,'available'),
(1756,'General_Admission_373',43,14,'available'),
(1757,'General_Admission_374',43,14,'available'),
(1758,'General_Admission_375',43,14,'available'),
(1759,'General_Admission_376',43,14,'available'),
(1760,'General_Admission_377',43,14,'available'),
(1761,'General_Admission_378',43,14,'available'),
(1762,'General_Admission_379',43,14,'available'),
(1763,'General_Admission_380',43,14,'available'),
(1764,'General_Admission_381',43,14,'available'),
(1765,'General_Admission_382',43,14,'available'),
(1766,'General_Admission_383',43,14,'available'),
(1767,'General_Admission_384',43,14,'available'),
(1768,'General_Admission_385',43,14,'available'),
(1769,'General_Admission_386',43,14,'available'),
(1770,'General_Admission_387',43,14,'available'),
(1771,'General_Admission_388',43,14,'available'),
(1772,'General_Admission_389',43,14,'available'),
(1773,'General_Admission_390',43,14,'available'),
(1774,'General_Admission_391',43,14,'available'),
(1775,'General_Admission_392',43,14,'available'),
(1776,'General_Admission_393',43,14,'available'),
(1777,'General_Admission_394',43,14,'available'),
(1778,'General_Admission_395',43,14,'available'),
(1779,'General_Admission_396',43,14,'available'),
(1780,'General_Admission_397',43,14,'available'),
(1781,'General_Admission_398',43,14,'available'),
(1782,'General_Admission_399',43,14,'available'),
(1783,'General_Admission_400',43,14,'available'),
(1784,'General_Admission_401',43,14,'available'),
(1785,'General_Admission_402',43,14,'available'),
(1786,'General_Admission_403',43,14,'available'),
(1787,'General_Admission_404',43,14,'available'),
(1788,'General_Admission_405',43,14,'available'),
(1789,'General_Admission_406',43,14,'available'),
(1790,'General_Admission_407',43,14,'available'),
(1791,'General_Admission_408',43,14,'available'),
(1792,'General_Admission_409',43,14,'available'),
(1793,'General_Admission_410',43,14,'available'),
(1794,'General_Admission_411',43,14,'available'),
(1795,'General_Admission_412',43,14,'available'),
(1796,'General_Admission_413',43,14,'available'),
(1797,'General_Admission_414',43,14,'available'),
(1798,'General_Admission_415',43,14,'available'),
(1799,'General_Admission_416',43,14,'available'),
(1800,'General_Admission_417',43,14,'available'),
(1801,'General_Admission_418',43,14,'available'),
(1802,'General_Admission_419',43,14,'available'),
(1803,'General_Admission_420',43,14,'available'),
(1804,'General_Admission_421',43,14,'available'),
(1805,'General_Admission_422',43,14,'available'),
(1806,'General_Admission_423',43,14,'available'),
(1807,'General_Admission_424',43,14,'available'),
(1808,'General_Admission_425',43,14,'available'),
(1809,'General_Admission_426',43,14,'available'),
(1810,'General_Admission_427',43,14,'available'),
(1811,'General_Admission_428',43,14,'available'),
(1812,'General_Admission_429',43,14,'available'),
(1813,'General_Admission_430',43,14,'available'),
(1814,'General_Admission_431',43,14,'available'),
(1815,'General_Admission_432',43,14,'available'),
(1816,'General_Admission_433',43,14,'available'),
(1817,'General_Admission_434',43,14,'available'),
(1818,'General_Admission_435',43,14,'available'),
(1819,'General_Admission_436',43,14,'available'),
(1820,'General_Admission_437',43,14,'available'),
(1821,'General_Admission_438',43,14,'available'),
(1822,'General_Admission_439',43,14,'available'),
(1823,'General_Admission_440',43,14,'available'),
(1824,'General_Admission_441',43,14,'available'),
(1825,'General_Admission_442',43,14,'available'),
(1826,'General_Admission_443',43,14,'available'),
(1827,'General_Admission_444',43,14,'available'),
(1828,'General_Admission_445',43,14,'available'),
(1829,'General_Admission_446',43,14,'available'),
(1830,'General_Admission_447',43,14,'available'),
(1831,'General_Admission_448',43,14,'available'),
(1832,'General_Admission_449',43,14,'available'),
(1833,'General_Admission_450',43,14,'available'),
(1834,'General_Admission_451',43,14,'available'),
(1835,'General_Admission_452',43,14,'available'),
(1836,'General_Admission_453',43,14,'available'),
(1837,'General_Admission_454',43,14,'available'),
(1838,'General_Admission_455',43,14,'available'),
(1839,'General_Admission_456',43,14,'available'),
(1840,'General_Admission_457',43,14,'available'),
(1841,'General_Admission_458',43,14,'available'),
(1842,'General_Admission_459',43,14,'available'),
(1843,'General_Admission_460',43,14,'available'),
(1844,'General_Admission_461',43,14,'available'),
(1845,'General_Admission_462',43,14,'available'),
(1846,'General_Admission_463',43,14,'available'),
(1847,'General_Admission_464',43,14,'available'),
(1848,'General_Admission_465',43,14,'available'),
(1849,'General_Admission_466',43,14,'available'),
(1850,'General_Admission_467',43,14,'available'),
(1851,'General_Admission_468',43,14,'available'),
(1852,'General_Admission_469',43,14,'available'),
(1853,'General_Admission_470',43,14,'available'),
(1854,'General_Admission_471',43,14,'available'),
(1855,'General_Admission_472',43,14,'available'),
(1856,'General_Admission_473',43,14,'available'),
(1857,'General_Admission_474',43,14,'available'),
(1858,'General_Admission_475',43,14,'available'),
(1859,'General_Admission_476',43,14,'available'),
(1860,'General_Admission_477',43,14,'available'),
(1861,'General_Admission_478',43,14,'available'),
(1862,'General_Admission_479',43,14,'available'),
(1863,'General_Admission_480',43,14,'available'),
(1864,'General_Admission_481',43,14,'available'),
(1865,'General_Admission_482',43,14,'available'),
(1866,'General_Admission_483',43,14,'available'),
(1867,'General_Admission_484',43,14,'available'),
(1868,'General_Admission_485',43,14,'available'),
(1869,'General_Admission_486',43,14,'available'),
(1870,'General_Admission_487',43,14,'available'),
(1871,'General_Admission_488',43,14,'available'),
(1872,'General_Admission_489',43,14,'available'),
(1873,'General_Admission_490',43,14,'available'),
(1874,'General_Admission_491',43,14,'available'),
(1875,'General_Admission_492',43,14,'available'),
(1876,'General_Admission_493',43,14,'available'),
(1877,'General_Admission_494',43,14,'available'),
(1878,'General_Admission_495',43,14,'available'),
(1879,'General_Admission_496',43,14,'available'),
(1880,'General_Admission_497',43,14,'available'),
(1881,'General_Admission_498',43,14,'available'),
(1882,'General_Admission_499',43,14,'available'),
(1883,'General_Admission_500',43,14,'available'),
(1884,'VIP_PIT_1',44,15,'available'),
(1885,'VIP_PIT_2',44,15,'available'),
(1886,'VIP_PIT_3',44,15,'available'),
(1887,'VIP_PIT_4',44,15,'available'),
(1888,'VIP_PIT_5',44,15,'available'),
(1889,'VIP_PIT_6',44,15,'available'),
(1890,'VIP_PIT_7',44,15,'available'),
(1891,'VIP_PIT_8',44,15,'available'),
(1892,'VIP_PIT_9',44,15,'available'),
(1893,'VIP_PIT_10',44,15,'available'),
(1894,'VIP_PIT_11',44,15,'available'),
(1895,'VIP_PIT_12',44,15,'available'),
(1896,'VIP_PIT_13',44,15,'available'),
(1897,'VIP_PIT_14',44,15,'available'),
(1898,'VIP_PIT_15',44,15,'available'),
(1899,'VIP_PIT_16',44,15,'available'),
(1900,'VIP_PIT_17',44,15,'available'),
(1901,'VIP_PIT_18',44,15,'available'),
(1902,'VIP_PIT_19',44,15,'available'),
(1903,'VIP_PIT_20',44,15,'available'),
(1904,'VIP_PIT_21',44,15,'available'),
(1905,'VIP_PIT_22',44,15,'available'),
(1906,'VIP_PIT_23',44,15,'available'),
(1907,'VIP_PIT_24',44,15,'available'),
(1908,'VIP_PIT_25',44,15,'available'),
(1909,'VIP_PIT_26',44,15,'available'),
(1910,'VIP_PIT_27',44,15,'available'),
(1911,'VIP_PIT_28',44,15,'available'),
(1912,'VIP_PIT_29',44,15,'available'),
(1913,'VIP_PIT_30',44,15,'available'),
(1914,'VIP_PIT_31',44,15,'available'),
(1915,'VIP_PIT_32',44,15,'available'),
(1916,'VIP_PIT_33',44,15,'available'),
(1917,'VIP_PIT_34',44,15,'available'),
(1918,'VIP_PIT_35',44,15,'available'),
(1919,'VIP_PIT_36',44,15,'available'),
(1920,'VIP_PIT_37',44,15,'available'),
(1921,'VIP_PIT_38',44,15,'available'),
(1922,'VIP_PIT_39',44,15,'available'),
(1923,'VIP_PIT_40',44,15,'available'),
(1924,'VIP_PIT_41',44,15,'available'),
(1925,'VIP_PIT_42',44,15,'available'),
(1926,'VIP_PIT_43',44,15,'available'),
(1927,'VIP_PIT_44',44,15,'available'),
(1928,'VIP_PIT_45',44,15,'available'),
(1929,'VIP_PIT_46',44,15,'available'),
(1930,'VIP_PIT_47',44,15,'available'),
(1931,'VIP_PIT_48',44,15,'available'),
(1932,'VIP_PIT_49',44,15,'available'),
(1933,'VIP_PIT_50',44,15,'available'),
(1934,'Patron_A_1',45,15,'available'),
(1935,'Patron_A_2',45,15,'available'),
(1936,'Patron_A_3',45,15,'available'),
(1937,'Patron_A_4',45,15,'available'),
(1938,'Patron_A_5',45,15,'available'),
(1939,'Patron_A_6',45,15,'available'),
(1940,'Patron_A_7',45,15,'available'),
(1941,'Patron_A_8',45,15,'available'),
(1942,'Patron_A_9',45,15,'available'),
(1943,'Patron_A_10',45,15,'available'),
(1944,'Patron_A_11',45,15,'available'),
(1945,'Patron_A_12',45,15,'available'),
(1946,'Patron_A_13',45,15,'available'),
(1947,'Patron_A_14',45,15,'available'),
(1948,'Patron_A_15',45,15,'available'),
(1949,'Patron_A_16',45,15,'available'),
(1950,'Patron_A_17',45,15,'available'),
(1951,'Patron_A_18',45,15,'available'),
(1952,'Patron_A_19',45,15,'available'),
(1953,'Patron_A_20',45,15,'available'),
(1954,'Patron_A_21',45,15,'available'),
(1955,'Patron_A_22',45,15,'available'),
(1956,'Patron_A_23',45,15,'available'),
(1957,'Patron_A_24',45,15,'available'),
(1958,'Patron_A_25',45,15,'available'),
(1959,'Patron_A_26',45,15,'available'),
(1960,'Patron_A_27',45,15,'available'),
(1961,'Patron_A_28',45,15,'available'),
(1962,'Patron_A_29',45,15,'available'),
(1963,'Patron_A_30',45,15,'available'),
(1964,'Patron_A_31',45,15,'available'),
(1965,'Patron_A_32',45,15,'available'),
(1966,'Patron_A_33',45,15,'available'),
(1967,'Patron_A_34',45,15,'available'),
(1968,'Patron_A_35',45,15,'available'),
(1969,'Patron_A_36',45,15,'available'),
(1970,'Patron_A_37',45,15,'available'),
(1971,'Patron_A_38',45,15,'available'),
(1972,'Patron_A_39',45,15,'available'),
(1973,'Patron_A_40',45,15,'available'),
(1974,'Patron_A_41',45,15,'available'),
(1975,'Patron_A_42',45,15,'available'),
(1976,'Patron_A_43',45,15,'available'),
(1977,'Patron_A_44',45,15,'available'),
(1978,'Patron_A_45',45,15,'available'),
(1979,'Patron_A_46',45,15,'available'),
(1980,'Patron_A_47',45,15,'available'),
(1981,'Patron_A_48',45,15,'available'),
(1982,'Patron_A_49',45,15,'available'),
(1983,'Patron_A_50',45,15,'available'),
(1984,'Patron_B_1',46,15,'available'),
(1985,'Patron_B_2',46,15,'available'),
(1986,'Patron_B_3',46,15,'available'),
(1987,'Patron_B_4',46,15,'available'),
(1988,'Patron_B_5',46,15,'available'),
(1989,'Patron_B_6',46,15,'available'),
(1990,'Patron_B_7',46,15,'available'),
(1991,'Patron_B_8',46,15,'available'),
(1992,'Patron_B_9',46,15,'available'),
(1993,'Patron_B_10',46,15,'available'),
(1994,'Patron_B_11',46,15,'available'),
(1995,'Patron_B_12',46,15,'available'),
(1996,'Patron_B_13',46,15,'available'),
(1997,'Patron_B_14',46,15,'available'),
(1998,'Patron_B_15',46,15,'available'),
(1999,'Patron_B_16',46,15,'available'),
(2000,'Patron_B_17',46,15,'available'),
(2001,'Patron_B_18',46,15,'available'),
(2002,'Patron_B_19',46,15,'available'),
(2003,'Patron_B_20',46,15,'available'),
(2004,'Patron_B_21',46,15,'available'),
(2005,'Patron_B_22',46,15,'available'),
(2006,'Patron_B_23',46,15,'available'),
(2007,'Patron_B_24',46,15,'available'),
(2008,'Patron_B_25',46,15,'available'),
(2009,'Patron_B_26',46,15,'available'),
(2010,'Patron_B_27',46,15,'available'),
(2011,'Patron_B_28',46,15,'available'),
(2012,'Patron_B_29',46,15,'available'),
(2013,'Patron_B_30',46,15,'available'),
(2014,'Patron_B_31',46,15,'available'),
(2015,'Patron_B_32',46,15,'available'),
(2016,'Patron_B_33',46,15,'available'),
(2017,'Patron_B_34',46,15,'available'),
(2018,'Patron_B_35',46,15,'available'),
(2019,'Patron_B_36',46,15,'available'),
(2020,'Patron_B_37',46,15,'available'),
(2021,'Patron_B_38',46,15,'available'),
(2022,'Patron_B_39',46,15,'available'),
(2023,'Patron_B_40',46,15,'available'),
(2024,'Patron_B_41',46,15,'available'),
(2025,'Patron_B_42',46,15,'available'),
(2026,'Patron_B_43',46,15,'available'),
(2027,'Patron_B_44',46,15,'available'),
(2028,'Patron_B_45',46,15,'available'),
(2029,'Patron_B_46',46,15,'available'),
(2030,'Patron_B_47',46,15,'available'),
(2031,'Patron_B_48',46,15,'available'),
(2032,'Patron_B_49',46,15,'available'),
(2033,'Patron_B_50',46,15,'available'),
(2034,'Patron_B_51',46,15,'available'),
(2035,'Patron_B_52',46,15,'available'),
(2036,'Patron_B_53',46,15,'available'),
(2037,'Patron_B_54',46,15,'available'),
(2038,'Patron_B_55',46,15,'available'),
(2039,'Patron_B_56',46,15,'available'),
(2040,'Patron_B_57',46,15,'available'),
(2041,'Patron_B_58',46,15,'available'),
(2042,'Patron_B_59',46,15,'available'),
(2043,'Patron_B_60',46,15,'available'),
(2044,'Patron_B_61',46,15,'available'),
(2045,'Patron_B_62',46,15,'available'),
(2046,'Patron_B_63',46,15,'available'),
(2047,'Patron_B_64',46,15,'available'),
(2048,'Patron_B_65',46,15,'available'),
(2049,'Patron_B_66',46,15,'available'),
(2050,'Patron_B_67',46,15,'available'),
(2051,'Patron_B_68',46,15,'available'),
(2052,'Patron_B_69',46,15,'available'),
(2053,'Patron_B_70',46,15,'available'),
(2054,'Patron_B_71',46,15,'available'),
(2055,'Patron_B_72',46,15,'available'),
(2056,'Patron_B_73',46,15,'available'),
(2057,'Patron_B_74',46,15,'available'),
(2058,'Patron_B_75',46,15,'available'),
(2059,'Patron_B_76',46,15,'available'),
(2060,'Patron_B_77',46,15,'available'),
(2061,'Patron_B_78',46,15,'available'),
(2062,'Patron_B_79',46,15,'available'),
(2063,'Patron_B_80',46,15,'available'),
(2064,'Patron_B_81',46,15,'available'),
(2065,'Patron_B_82',46,15,'available'),
(2066,'Patron_B_83',46,15,'available'),
(2067,'Patron_B_84',46,15,'available'),
(2068,'Patron_B_85',46,15,'available'),
(2069,'Patron_B_86',46,15,'available'),
(2070,'Patron_B_87',46,15,'available'),
(2071,'Patron_B_88',46,15,'available'),
(2072,'Patron_B_89',46,15,'available'),
(2073,'Patron_B_90',46,15,'available'),
(2074,'Patron_B_91',46,15,'available'),
(2075,'Patron_B_92',46,15,'available'),
(2076,'Patron_B_93',46,15,'available'),
(2077,'Patron_B_94',46,15,'available'),
(2078,'Patron_B_95',46,15,'available'),
(2079,'Patron_B_96',46,15,'available'),
(2080,'Patron_B_97',46,15,'available'),
(2081,'Patron_B_98',46,15,'available'),
(2082,'Patron_B_99',46,15,'available'),
(2083,'Patron_B_100',46,15,'available'),
(2084,'Upper_Box_A_1',47,15,'available'),
(2085,'Upper_Box_A_2',47,15,'available'),
(2086,'Upper_Box_A_3',47,15,'available'),
(2087,'Upper_Box_A_4',47,15,'available'),
(2088,'Upper_Box_A_5',47,15,'available'),
(2089,'Upper_Box_A_6',47,15,'available'),
(2090,'Upper_Box_A_7',47,15,'available'),
(2091,'Upper_Box_A_8',47,15,'available'),
(2092,'Upper_Box_A_9',47,15,'available'),
(2093,'Upper_Box_A_10',47,15,'available'),
(2094,'Upper_Box_A_11',47,15,'available'),
(2095,'Upper_Box_A_12',47,15,'available'),
(2096,'Upper_Box_A_13',47,15,'available'),
(2097,'Upper_Box_A_14',47,15,'available'),
(2098,'Upper_Box_A_15',47,15,'available'),
(2099,'Upper_Box_A_16',47,15,'available'),
(2100,'Upper_Box_A_17',47,15,'available'),
(2101,'Upper_Box_A_18',47,15,'available'),
(2102,'Upper_Box_A_19',47,15,'available'),
(2103,'Upper_Box_A_20',47,15,'available'),
(2104,'Upper_Box_A_21',47,15,'available'),
(2105,'Upper_Box_A_22',47,15,'available'),
(2106,'Upper_Box_A_23',47,15,'available'),
(2107,'Upper_Box_A_24',47,15,'available'),
(2108,'Upper_Box_A_25',47,15,'available'),
(2109,'Upper_Box_A_26',47,15,'available'),
(2110,'Upper_Box_A_27',47,15,'available'),
(2111,'Upper_Box_A_28',47,15,'available'),
(2112,'Upper_Box_A_29',47,15,'available'),
(2113,'Upper_Box_A_30',47,15,'available'),
(2114,'Upper_Box_A_31',47,15,'available'),
(2115,'Upper_Box_A_32',47,15,'available'),
(2116,'Upper_Box_A_33',47,15,'available'),
(2117,'Upper_Box_A_34',47,15,'available'),
(2118,'Upper_Box_A_35',47,15,'available'),
(2119,'Upper_Box_A_36',47,15,'available'),
(2120,'Upper_Box_A_37',47,15,'available'),
(2121,'Upper_Box_A_38',47,15,'available'),
(2122,'Upper_Box_A_39',47,15,'available'),
(2123,'Upper_Box_A_40',47,15,'available'),
(2124,'Upper_Box_A_41',47,15,'available'),
(2125,'Upper_Box_A_42',47,15,'available'),
(2126,'Upper_Box_A_43',47,15,'available'),
(2127,'Upper_Box_A_44',47,15,'available'),
(2128,'Upper_Box_A_45',47,15,'available'),
(2129,'Upper_Box_A_46',47,15,'available'),
(2130,'Upper_Box_A_47',47,15,'available'),
(2131,'Upper_Box_A_48',47,15,'available'),
(2132,'Upper_Box_A_49',47,15,'available'),
(2133,'Upper_Box_A_50',47,15,'available'),
(2134,'Upper_Box_A_51',47,15,'available'),
(2135,'Upper_Box_A_52',47,15,'available'),
(2136,'Upper_Box_A_53',47,15,'available'),
(2137,'Upper_Box_A_54',47,15,'available'),
(2138,'Upper_Box_A_55',47,15,'available'),
(2139,'Upper_Box_A_56',47,15,'available'),
(2140,'Upper_Box_A_57',47,15,'available'),
(2141,'Upper_Box_A_58',47,15,'available'),
(2142,'Upper_Box_A_59',47,15,'available'),
(2143,'Upper_Box_A_60',47,15,'available'),
(2144,'Upper_Box_A_61',47,15,'available'),
(2145,'Upper_Box_A_62',47,15,'available'),
(2146,'Upper_Box_A_63',47,15,'available'),
(2147,'Upper_Box_A_64',47,15,'available'),
(2148,'Upper_Box_A_65',47,15,'available'),
(2149,'Upper_Box_A_66',47,15,'available'),
(2150,'Upper_Box_A_67',47,15,'available'),
(2151,'Upper_Box_A_68',47,15,'available'),
(2152,'Upper_Box_A_69',47,15,'available'),
(2153,'Upper_Box_A_70',47,15,'available'),
(2154,'Upper_Box_A_71',47,15,'available'),
(2155,'Upper_Box_A_72',47,15,'available'),
(2156,'Upper_Box_A_73',47,15,'available'),
(2157,'Upper_Box_A_74',47,15,'available'),
(2158,'Upper_Box_A_75',47,15,'available'),
(2159,'Upper_Box_A_76',47,15,'available'),
(2160,'Upper_Box_A_77',47,15,'available'),
(2161,'Upper_Box_A_78',47,15,'available'),
(2162,'Upper_Box_A_79',47,15,'available'),
(2163,'Upper_Box_A_80',47,15,'available'),
(2164,'Upper_Box_A_81',47,15,'available'),
(2165,'Upper_Box_A_82',47,15,'available'),
(2166,'Upper_Box_A_83',47,15,'available'),
(2167,'Upper_Box_A_84',47,15,'available'),
(2168,'Upper_Box_A_85',47,15,'available'),
(2169,'Upper_Box_A_86',47,15,'available'),
(2170,'Upper_Box_A_87',47,15,'available'),
(2171,'Upper_Box_A_88',47,15,'available'),
(2172,'Upper_Box_A_89',47,15,'available'),
(2173,'Upper_Box_A_90',47,15,'available'),
(2174,'Upper_Box_A_91',47,15,'available'),
(2175,'Upper_Box_A_92',47,15,'available'),
(2176,'Upper_Box_A_93',47,15,'available'),
(2177,'Upper_Box_A_94',47,15,'available'),
(2178,'Upper_Box_A_95',47,15,'available'),
(2179,'Upper_Box_A_96',47,15,'available'),
(2180,'Upper_Box_A_97',47,15,'available'),
(2181,'Upper_Box_A_98',47,15,'available'),
(2182,'Upper_Box_A_99',47,15,'available'),
(2183,'Upper_Box_A_100',47,15,'available'),
(2184,'Upper_Box_B_1',48,15,'available'),
(2185,'Upper_Box_B_2',48,15,'available'),
(2186,'Upper_Box_B_3',48,15,'available'),
(2187,'Upper_Box_B_4',48,15,'available'),
(2188,'Upper_Box_B_5',48,15,'available'),
(2189,'Upper_Box_B_6',48,15,'available'),
(2190,'Upper_Box_B_7',48,15,'available'),
(2191,'Upper_Box_B_8',48,15,'available'),
(2192,'Upper_Box_B_9',48,15,'available'),
(2193,'Upper_Box_B_10',48,15,'available'),
(2194,'Upper_Box_B_11',48,15,'available'),
(2195,'Upper_Box_B_12',48,15,'available'),
(2196,'Upper_Box_B_13',48,15,'available'),
(2197,'Upper_Box_B_14',48,15,'available'),
(2198,'Upper_Box_B_15',48,15,'available'),
(2199,'Upper_Box_B_16',48,15,'available'),
(2200,'Upper_Box_B_17',48,15,'available'),
(2201,'Upper_Box_B_18',48,15,'available'),
(2202,'Upper_Box_B_19',48,15,'available'),
(2203,'Upper_Box_B_20',48,15,'available'),
(2204,'Upper_Box_B_21',48,15,'available'),
(2205,'Upper_Box_B_22',48,15,'available'),
(2206,'Upper_Box_B_23',48,15,'available'),
(2207,'Upper_Box_B_24',48,15,'available'),
(2208,'Upper_Box_B_25',48,15,'available'),
(2209,'Upper_Box_B_26',48,15,'available'),
(2210,'Upper_Box_B_27',48,15,'available'),
(2211,'Upper_Box_B_28',48,15,'available'),
(2212,'Upper_Box_B_29',48,15,'available'),
(2213,'Upper_Box_B_30',48,15,'available'),
(2214,'Upper_Box_B_31',48,15,'available'),
(2215,'Upper_Box_B_32',48,15,'available'),
(2216,'Upper_Box_B_33',48,15,'available'),
(2217,'Upper_Box_B_34',48,15,'available'),
(2218,'Upper_Box_B_35',48,15,'available'),
(2219,'Upper_Box_B_36',48,15,'available'),
(2220,'Upper_Box_B_37',48,15,'available'),
(2221,'Upper_Box_B_38',48,15,'available'),
(2222,'Upper_Box_B_39',48,15,'available'),
(2223,'Upper_Box_B_40',48,15,'available'),
(2224,'Upper_Box_B_41',48,15,'available'),
(2225,'Upper_Box_B_42',48,15,'available'),
(2226,'Upper_Box_B_43',48,15,'available'),
(2227,'Upper_Box_B_44',48,15,'available'),
(2228,'Upper_Box_B_45',48,15,'available'),
(2229,'Upper_Box_B_46',48,15,'available'),
(2230,'Upper_Box_B_47',48,15,'available'),
(2231,'Upper_Box_B_48',48,15,'available'),
(2232,'Upper_Box_B_49',48,15,'available'),
(2233,'Upper_Box_B_50',48,15,'available'),
(2234,'Upper_Box_B_51',48,15,'available'),
(2235,'Upper_Box_B_52',48,15,'available'),
(2236,'Upper_Box_B_53',48,15,'available'),
(2237,'Upper_Box_B_54',48,15,'available'),
(2238,'Upper_Box_B_55',48,15,'available'),
(2239,'Upper_Box_B_56',48,15,'available'),
(2240,'Upper_Box_B_57',48,15,'available'),
(2241,'Upper_Box_B_58',48,15,'available'),
(2242,'Upper_Box_B_59',48,15,'available'),
(2243,'Upper_Box_B_60',48,15,'available'),
(2244,'Upper_Box_B_61',48,15,'available'),
(2245,'Upper_Box_B_62',48,15,'available'),
(2246,'Upper_Box_B_63',48,15,'available'),
(2247,'Upper_Box_B_64',48,15,'available'),
(2248,'Upper_Box_B_65',48,15,'available'),
(2249,'Upper_Box_B_66',48,15,'available'),
(2250,'Upper_Box_B_67',48,15,'available'),
(2251,'Upper_Box_B_68',48,15,'available'),
(2252,'Upper_Box_B_69',48,15,'available'),
(2253,'Upper_Box_B_70',48,15,'available'),
(2254,'Upper_Box_B_71',48,15,'available'),
(2255,'Upper_Box_B_72',48,15,'available'),
(2256,'Upper_Box_B_73',48,15,'available'),
(2257,'Upper_Box_B_74',48,15,'available'),
(2258,'Upper_Box_B_75',48,15,'available'),
(2259,'Upper_Box_B_76',48,15,'available'),
(2260,'Upper_Box_B_77',48,15,'available'),
(2261,'Upper_Box_B_78',48,15,'available'),
(2262,'Upper_Box_B_79',48,15,'available'),
(2263,'Upper_Box_B_80',48,15,'available'),
(2264,'Upper_Box_B_81',48,15,'available'),
(2265,'Upper_Box_B_82',48,15,'available'),
(2266,'Upper_Box_B_83',48,15,'available'),
(2267,'Upper_Box_B_84',48,15,'available'),
(2268,'Upper_Box_B_85',48,15,'available'),
(2269,'Upper_Box_B_86',48,15,'available'),
(2270,'Upper_Box_B_87',48,15,'available'),
(2271,'Upper_Box_B_88',48,15,'available'),
(2272,'Upper_Box_B_89',48,15,'available'),
(2273,'Upper_Box_B_90',48,15,'available'),
(2274,'Upper_Box_B_91',48,15,'available'),
(2275,'Upper_Box_B_92',48,15,'available'),
(2276,'Upper_Box_B_93',48,15,'available'),
(2277,'Upper_Box_B_94',48,15,'available'),
(2278,'Upper_Box_B_95',48,15,'available'),
(2279,'Upper_Box_B_96',48,15,'available'),
(2280,'Upper_Box_B_97',48,15,'available'),
(2281,'Upper_Box_B_98',48,15,'available'),
(2282,'Upper_Box_B_99',48,15,'available'),
(2283,'Upper_Box_B_100',48,15,'available'),
(2284,'Floor_Standing_1',49,16,'available'),
(2285,'Floor_Standing_2',49,16,'available'),
(2286,'Floor_Standing_3',49,16,'available'),
(2287,'Floor_Standing_4',49,16,'available'),
(2288,'Floor_Standing_5',49,16,'available'),
(2289,'Floor_Standing_6',49,16,'available'),
(2290,'Floor_Standing_7',49,16,'available'),
(2291,'Floor_Standing_8',49,16,'available'),
(2292,'Floor_Standing_9',49,16,'available'),
(2293,'Floor_Standing_10',49,16,'available'),
(2294,'Floor_Standing_11',49,16,'available'),
(2295,'Floor_Standing_12',49,16,'available'),
(2296,'Floor_Standing_13',49,16,'available'),
(2297,'Floor_Standing_14',49,16,'available'),
(2298,'Floor_Standing_15',49,16,'available'),
(2299,'Floor_Standing_16',49,16,'available'),
(2300,'Floor_Standing_17',49,16,'available'),
(2301,'Floor_Standing_18',49,16,'available'),
(2302,'Floor_Standing_19',49,16,'available'),
(2303,'Floor_Standing_20',49,16,'available'),
(2304,'Floor_Standing_21',49,16,'available'),
(2305,'Floor_Standing_22',49,16,'available'),
(2306,'Floor_Standing_23',49,16,'available'),
(2307,'Floor_Standing_24',49,16,'available'),
(2308,'Floor_Standing_25',49,16,'available'),
(2309,'Floor_Standing_26',49,16,'available'),
(2310,'Floor_Standing_27',49,16,'available'),
(2311,'Floor_Standing_28',49,16,'available'),
(2312,'Floor_Standing_29',49,16,'available'),
(2313,'Floor_Standing_30',49,16,'available'),
(2314,'Floor_Standing_31',49,16,'available'),
(2315,'Floor_Standing_32',49,16,'available'),
(2316,'Floor_Standing_33',49,16,'available'),
(2317,'Floor_Standing_34',49,16,'available'),
(2318,'Floor_Standing_35',49,16,'available'),
(2319,'Floor_Standing_36',49,16,'available'),
(2320,'Floor_Standing_37',49,16,'available'),
(2321,'Floor_Standing_38',49,16,'available'),
(2322,'Floor_Standing_39',49,16,'available'),
(2323,'Floor_Standing_40',49,16,'available'),
(2324,'Floor_Standing_41',49,16,'available'),
(2325,'Floor_Standing_42',49,16,'available'),
(2326,'Floor_Standing_43',49,16,'available'),
(2327,'Floor_Standing_44',49,16,'available'),
(2328,'Floor_Standing_45',49,16,'available'),
(2329,'Floor_Standing_46',49,16,'available'),
(2330,'Floor_Standing_47',49,16,'available'),
(2331,'Floor_Standing_48',49,16,'available'),
(2332,'Floor_Standing_49',49,16,'available'),
(2333,'Floor_Standing_50',49,16,'available'),
(2334,'Floor_Standing_51',49,16,'available'),
(2335,'Floor_Standing_52',49,16,'available'),
(2336,'Floor_Standing_53',49,16,'available'),
(2337,'Floor_Standing_54',49,16,'available'),
(2338,'Floor_Standing_55',49,16,'available'),
(2339,'Floor_Standing_56',49,16,'available'),
(2340,'Floor_Standing_57',49,16,'available'),
(2341,'Floor_Standing_58',49,16,'available'),
(2342,'Floor_Standing_59',49,16,'available'),
(2343,'Floor_Standing_60',49,16,'available'),
(2344,'Floor_Standing_61',49,16,'available'),
(2345,'Floor_Standing_62',49,16,'available'),
(2346,'Floor_Standing_63',49,16,'available'),
(2347,'Floor_Standing_64',49,16,'available'),
(2348,'Floor_Standing_65',49,16,'available'),
(2349,'Floor_Standing_66',49,16,'available'),
(2350,'Floor_Standing_67',49,16,'available'),
(2351,'Floor_Standing_68',49,16,'available'),
(2352,'Floor_Standing_69',49,16,'available'),
(2353,'Floor_Standing_70',49,16,'available'),
(2354,'Floor_Standing_71',49,16,'available'),
(2355,'Floor_Standing_72',49,16,'available'),
(2356,'Floor_Standing_73',49,16,'available'),
(2357,'Floor_Standing_74',49,16,'available'),
(2358,'Floor_Standing_75',49,16,'available'),
(2359,'Floor_Standing_76',49,16,'available'),
(2360,'Floor_Standing_77',49,16,'available'),
(2361,'Floor_Standing_78',49,16,'available'),
(2362,'Floor_Standing_79',49,16,'available'),
(2363,'Floor_Standing_80',49,16,'available'),
(2364,'Floor_Standing_81',49,16,'available'),
(2365,'Floor_Standing_82',49,16,'available'),
(2366,'Floor_Standing_83',49,16,'available'),
(2367,'Floor_Standing_84',49,16,'available'),
(2368,'Floor_Standing_85',49,16,'available'),
(2369,'Floor_Standing_86',49,16,'available'),
(2370,'Floor_Standing_87',49,16,'available'),
(2371,'Floor_Standing_88',49,16,'available'),
(2372,'Floor_Standing_89',49,16,'available'),
(2373,'Floor_Standing_90',49,16,'available'),
(2374,'VIP_Standing_1',50,16,'available'),
(2375,'VIP_Standing_2',50,16,'available'),
(2376,'VIP_Standing_3',50,16,'available'),
(2377,'VIP_Standing_4',50,16,'available'),
(2378,'VIP_Standing_5',50,16,'available'),
(2379,'VIP_Standing_6',50,16,'available'),
(2380,'VIP_Standing_7',50,16,'available'),
(2381,'VIP_Standing_8',50,16,'available'),
(2382,'VIP_Standing_9',50,16,'available'),
(2383,'VIP_Standing_10',50,16,'available'),
(2384,'VIP_Standing_11',50,16,'available'),
(2385,'VIP_Standing_12',50,16,'available'),
(2386,'VIP_Standing_13',50,16,'available'),
(2387,'VIP_Standing_14',50,16,'available'),
(2388,'VIP_Standing_15',50,16,'available'),
(2389,'VIP_Standing_16',50,16,'available'),
(2390,'VIP_Standing_17',50,16,'available'),
(2391,'VIP_Standing_18',50,16,'available'),
(2392,'VIP_Standing_19',50,16,'available'),
(2393,'VIP_Standing_20',50,16,'available'),
(2394,'VIP_Standing_21',50,16,'available'),
(2395,'VIP_Standing_22',50,16,'available'),
(2396,'VIP_Standing_23',50,16,'available'),
(2397,'VIP_Standing_24',50,16,'available'),
(2398,'VIP_Standing_25',50,16,'available'),
(2399,'VIP_Standing_26',50,16,'available'),
(2400,'VIP_Standing_27',50,16,'available'),
(2401,'VIP_Standing_28',50,16,'available'),
(2402,'VIP_Standing_29',50,16,'available'),
(2403,'VIP_Standing_30',50,16,'available'),
(2404,'VIP_Standing_31',50,16,'available'),
(2405,'VIP_Standing_32',50,16,'available'),
(2406,'VIP_Standing_33',50,16,'available'),
(2407,'VIP_Standing_34',50,16,'available'),
(2408,'VIP_Standing_35',50,16,'available'),
(2409,'VIP_Standing_36',50,16,'available'),
(2410,'VIP_Standing_37',50,16,'available'),
(2411,'VIP_Standing_38',50,16,'available'),
(2412,'VIP_Standing_39',50,16,'available'),
(2413,'VIP_Standing_40',50,16,'available'),
(2414,'VIP_Standing_41',50,16,'available'),
(2415,'VIP_Standing_42',50,16,'available'),
(2416,'VIP_Standing_43',50,16,'available'),
(2417,'VIP_Standing_44',50,16,'available'),
(2418,'VIP_Standing_45',50,16,'available'),
(2419,'VIP_Standing_46',50,16,'available'),
(2420,'VIP_Standing_47',50,16,'available'),
(2421,'VIP_Standing_48',50,16,'available'),
(2422,'VIP_Standing_49',50,16,'available'),
(2423,'VIP_Standing_50',50,16,'available'),
(2424,'VIP_Standing_51',50,16,'available'),
(2425,'VIP_Standing_52',50,16,'available'),
(2426,'VIP_Standing_53',50,16,'available'),
(2427,'VIP_Standing_54',50,16,'available'),
(2428,'VIP_Standing_55',50,16,'available'),
(2429,'VIP_Standing_56',50,16,'available'),
(2430,'VIP_Standing_57',50,16,'available'),
(2431,'VIP_Standing_58',50,16,'available'),
(2432,'VIP_Standing_59',50,16,'available'),
(2433,'VIP_Standing_60',50,16,'available'),
(2434,'VIP_Standing_61',50,16,'available'),
(2435,'VIP_Standing_62',50,16,'available'),
(2436,'VIP_Standing_63',50,16,'available'),
(2437,'VIP_Standing_64',50,16,'available'),
(2438,'VIP_Standing_65',50,16,'available'),
(2439,'VIP_Standing_66',50,16,'available'),
(2440,'VIP_Standing_67',50,16,'available'),
(2441,'VIP_Standing_68',50,16,'available'),
(2442,'VIP_Standing_69',50,16,'available'),
(2443,'VIP_Standing_70',50,16,'available'),
(2444,'VIP_Standing_71',50,16,'available'),
(2445,'VIP_Standing_72',50,16,'available'),
(2446,'VIP_Standing_73',50,16,'available'),
(2447,'VIP_Standing_74',50,16,'available'),
(2448,'VIP_Standing_75',50,16,'available'),
(2449,'VIP_Standing_76',50,16,'available'),
(2450,'VIP_Standing_77',50,16,'available'),
(2451,'VIP_Standing_78',50,16,'available'),
(2452,'VIP_Standing_79',50,16,'available'),
(2453,'VIP_Standing_80',50,16,'available'),
(2454,'VIP_Standing_81',50,16,'available'),
(2455,'VIP_Standing_82',50,16,'available'),
(2456,'VIP_Standing_83',50,16,'available'),
(2457,'VIP_Standing_84',50,16,'available'),
(2458,'VIP_Standing_85',50,16,'available'),
(2459,'VIP_Standing_86',50,16,'available'),
(2460,'VIP_Standing_87',50,16,'available'),
(2461,'VIP_Standing_88',50,16,'available'),
(2462,'VIP_Standing_89',50,16,'available'),
(2463,'VIP_Standing_90',50,16,'available'),
(2464,'Lower_Box_1',51,16,'available'),
(2465,'Lower_Box_2',51,16,'available'),
(2466,'Lower_Box_3',51,16,'available'),
(2467,'Lower_Box_4',51,16,'available'),
(2468,'Lower_Box_5',51,16,'available'),
(2469,'Lower_Box_6',51,16,'available'),
(2470,'Lower_Box_7',51,16,'available'),
(2471,'Lower_Box_8',51,16,'available'),
(2472,'Lower_Box_9',51,16,'available'),
(2473,'Lower_Box_10',51,16,'available'),
(2474,'Lower_Box_11',51,16,'available'),
(2475,'Lower_Box_12',51,16,'available'),
(2476,'Lower_Box_13',51,16,'available'),
(2477,'Lower_Box_14',51,16,'available'),
(2478,'Lower_Box_15',51,16,'available'),
(2479,'Lower_Box_16',51,16,'available'),
(2480,'Lower_Box_17',51,16,'available'),
(2481,'Lower_Box_18',51,16,'available'),
(2482,'Lower_Box_19',51,16,'available'),
(2483,'Lower_Box_20',51,16,'available'),
(2484,'Lower_Box_21',51,16,'available'),
(2485,'Lower_Box_22',51,16,'available'),
(2486,'Lower_Box_23',51,16,'available'),
(2487,'Lower_Box_24',51,16,'available'),
(2488,'Lower_Box_25',51,16,'available'),
(2489,'Lower_Box_26',51,16,'available'),
(2490,'Lower_Box_27',51,16,'available'),
(2491,'Lower_Box_28',51,16,'available'),
(2492,'Lower_Box_29',51,16,'available'),
(2493,'Lower_Box_30',51,16,'available'),
(2494,'Lower_Box_31',51,16,'available'),
(2495,'Lower_Box_32',51,16,'available'),
(2496,'Lower_Box_33',51,16,'available'),
(2497,'Lower_Box_34',51,16,'available'),
(2498,'Lower_Box_35',51,16,'available'),
(2499,'Lower_Box_36',51,16,'available'),
(2500,'Lower_Box_37',51,16,'available'),
(2501,'Lower_Box_38',51,16,'available'),
(2502,'Lower_Box_39',51,16,'available'),
(2503,'Lower_Box_40',51,16,'available'),
(2504,'Lower_Box_41',51,16,'available'),
(2505,'Lower_Box_42',51,16,'available'),
(2506,'Lower_Box_43',51,16,'available'),
(2507,'Lower_Box_44',51,16,'available'),
(2508,'Lower_Box_45',51,16,'available'),
(2509,'Lower_Box_46',51,16,'available'),
(2510,'Lower_Box_47',51,16,'available'),
(2511,'Lower_Box_48',51,16,'available'),
(2512,'Lower_Box_49',51,16,'available'),
(2513,'Lower_Box_50',51,16,'available'),
(2514,'Lower_Box_51',51,16,'available'),
(2515,'Lower_Box_52',51,16,'available'),
(2516,'Lower_Box_53',51,16,'available'),
(2517,'Lower_Box_54',51,16,'available'),
(2518,'Lower_Box_55',51,16,'available'),
(2519,'Lower_Box_56',51,16,'available'),
(2520,'Lower_Box_57',51,16,'available'),
(2521,'Lower_Box_58',51,16,'available'),
(2522,'Lower_Box_59',51,16,'available'),
(2523,'Lower_Box_60',51,16,'available'),
(2524,'Lower_Box_61',51,16,'available'),
(2525,'Lower_Box_62',51,16,'available'),
(2526,'Lower_Box_63',51,16,'available'),
(2527,'Lower_Box_64',51,16,'available'),
(2528,'Lower_Box_65',51,16,'available'),
(2529,'Lower_Box_66',51,16,'available'),
(2530,'Lower_Box_67',51,16,'available'),
(2531,'Lower_Box_68',51,16,'available'),
(2532,'Lower_Box_69',51,16,'available'),
(2533,'Lower_Box_70',51,16,'available'),
(2534,'Lower_Box_71',51,16,'available'),
(2535,'Lower_Box_72',51,16,'available'),
(2536,'Lower_Box_73',51,16,'available'),
(2537,'Lower_Box_74',51,16,'available'),
(2538,'Lower_Box_75',51,16,'available'),
(2539,'Lower_Box_76',51,16,'available'),
(2540,'Lower_Box_77',51,16,'available'),
(2541,'Lower_Box_78',51,16,'available'),
(2542,'Lower_Box_79',51,16,'available'),
(2543,'Lower_Box_80',51,16,'available'),
(2544,'Lower_Box_81',51,16,'available'),
(2545,'Lower_Box_82',51,16,'available'),
(2546,'Lower_Box_83',51,16,'available'),
(2547,'Lower_Box_84',51,16,'available'),
(2548,'Lower_Box_85',51,16,'available'),
(2549,'Lower_Box_86',51,16,'available'),
(2550,'Lower_Box_87',51,16,'available'),
(2551,'Lower_Box_88',51,16,'available'),
(2552,'Lower_Box_89',51,16,'available'),
(2553,'Lower_Box_90',51,16,'available'),
(2554,'Lower_Box_91',51,16,'available'),
(2555,'Lower_Box_92',51,16,'available'),
(2556,'Lower_Box_93',51,16,'available'),
(2557,'Lower_Box_94',51,16,'available'),
(2558,'Lower_Box_95',51,16,'available'),
(2559,'Lower_Box_96',51,16,'available'),
(2560,'Lower_Box_97',51,16,'available'),
(2561,'Lower_Box_98',51,16,'available'),
(2562,'Lower_Box_99',51,16,'available'),
(2563,'Lower_Box_100',51,16,'available'),
(2564,'Upper_Box_1',52,16,'available'),
(2565,'Upper_Box_2',52,16,'available'),
(2566,'Upper_Box_3',52,16,'available'),
(2567,'Upper_Box_4',52,16,'available'),
(2568,'Upper_Box_5',52,16,'available'),
(2569,'Upper_Box_6',52,16,'available'),
(2570,'Upper_Box_7',52,16,'available'),
(2571,'Upper_Box_8',52,16,'available'),
(2572,'Upper_Box_9',52,16,'available'),
(2573,'Upper_Box_10',52,16,'available'),
(2574,'Upper_Box_11',52,16,'available'),
(2575,'Upper_Box_12',52,16,'available'),
(2576,'Upper_Box_13',52,16,'available'),
(2577,'Upper_Box_14',52,16,'available'),
(2578,'Upper_Box_15',52,16,'available'),
(2579,'Upper_Box_16',52,16,'available'),
(2580,'Upper_Box_17',52,16,'available'),
(2581,'Upper_Box_18',52,16,'available'),
(2582,'Upper_Box_19',52,16,'available'),
(2583,'Upper_Box_20',52,16,'available'),
(2584,'Upper_Box_21',52,16,'available'),
(2585,'Upper_Box_22',52,16,'available'),
(2586,'Upper_Box_23',52,16,'available'),
(2587,'Upper_Box_24',52,16,'available'),
(2588,'Upper_Box_25',52,16,'available'),
(2589,'Upper_Box_26',52,16,'available'),
(2590,'Upper_Box_27',52,16,'available'),
(2591,'Upper_Box_28',52,16,'available'),
(2592,'Upper_Box_29',52,16,'available'),
(2593,'Upper_Box_30',52,16,'available'),
(2594,'Upper_Box_31',52,16,'available'),
(2595,'Upper_Box_32',52,16,'available'),
(2596,'Upper_Box_33',52,16,'available'),
(2597,'Upper_Box_34',52,16,'available'),
(2598,'Upper_Box_35',52,16,'available'),
(2599,'Upper_Box_36',52,16,'available'),
(2600,'Upper_Box_37',52,16,'available'),
(2601,'Upper_Box_38',52,16,'available'),
(2602,'Upper_Box_39',52,16,'available'),
(2603,'Upper_Box_40',52,16,'available'),
(2604,'Upper_Box_41',52,16,'available'),
(2605,'Upper_Box_42',52,16,'available'),
(2606,'Upper_Box_43',52,16,'available'),
(2607,'Upper_Box_44',52,16,'available'),
(2608,'Upper_Box_45',52,16,'available'),
(2609,'Upper_Box_46',52,16,'available'),
(2610,'Upper_Box_47',52,16,'available'),
(2611,'Upper_Box_48',52,16,'available'),
(2612,'Upper_Box_49',52,16,'available'),
(2613,'Upper_Box_50',52,16,'available'),
(2614,'Upper_Box_51',52,16,'available'),
(2615,'Upper_Box_52',52,16,'available'),
(2616,'Upper_Box_53',52,16,'available'),
(2617,'Upper_Box_54',52,16,'available'),
(2618,'Upper_Box_55',52,16,'available'),
(2619,'Upper_Box_56',52,16,'available'),
(2620,'Upper_Box_57',52,16,'available'),
(2621,'Upper_Box_58',52,16,'available'),
(2622,'Upper_Box_59',52,16,'available'),
(2623,'Upper_Box_60',52,16,'available'),
(2624,'Upper_Box_61',52,16,'available'),
(2625,'Upper_Box_62',52,16,'available'),
(2626,'Upper_Box_63',52,16,'available'),
(2627,'Upper_Box_64',52,16,'available'),
(2628,'Upper_Box_65',52,16,'available'),
(2629,'Upper_Box_66',52,16,'available'),
(2630,'Upper_Box_67',52,16,'available'),
(2631,'Upper_Box_68',52,16,'available'),
(2632,'Upper_Box_69',52,16,'available'),
(2633,'Upper_Box_70',52,16,'available'),
(2634,'Upper_Box_71',52,16,'available'),
(2635,'Upper_Box_72',52,16,'available'),
(2636,'Upper_Box_73',52,16,'available'),
(2637,'Upper_Box_74',52,16,'available'),
(2638,'Upper_Box_75',52,16,'available'),
(2639,'Upper_Box_76',52,16,'available'),
(2640,'Upper_Box_77',52,16,'available'),
(2641,'Upper_Box_78',52,16,'available'),
(2642,'Upper_Box_79',52,16,'available'),
(2643,'Upper_Box_80',52,16,'available'),
(2644,'Upper_Box_81',52,16,'available'),
(2645,'Upper_Box_82',52,16,'available'),
(2646,'Upper_Box_83',52,16,'available'),
(2647,'Upper_Box_84',52,16,'available'),
(2648,'Upper_Box_85',52,16,'available'),
(2649,'Upper_Box_86',52,16,'available'),
(2650,'Upper_Box_87',52,16,'available'),
(2651,'Upper_Box_88',52,16,'available'),
(2652,'Upper_Box_89',52,16,'available'),
(2653,'Upper_Box_90',52,16,'available'),
(2654,'Upper_Box_91',52,16,'available'),
(2655,'Upper_Box_92',52,16,'available'),
(2656,'Upper_Box_93',52,16,'available'),
(2657,'Upper_Box_94',52,16,'available'),
(2658,'Upper_Box_95',52,16,'available'),
(2659,'Upper_Box_96',52,16,'available'),
(2660,'Upper_Box_97',52,16,'available'),
(2661,'Upper_Box_98',52,16,'available'),
(2662,'Upper_Box_99',52,16,'available'),
(2663,'Upper_Box_100',52,16,'available'),
(2664,'General_Admission_1',53,16,'available'),
(2665,'General_Admission_2',53,16,'available'),
(2666,'General_Admission_3',53,16,'available'),
(2667,'General_Admission_4',53,16,'available'),
(2668,'General_Admission_5',53,16,'available'),
(2669,'General_Admission_6',53,16,'available'),
(2670,'General_Admission_7',53,16,'available'),
(2671,'General_Admission_8',53,16,'available'),
(2672,'General_Admission_9',53,16,'available'),
(2673,'General_Admission_10',53,16,'available'),
(2674,'General_Admission_11',53,16,'available'),
(2675,'General_Admission_12',53,16,'available'),
(2676,'General_Admission_13',53,16,'available'),
(2677,'General_Admission_14',53,16,'available'),
(2678,'General_Admission_15',53,16,'available'),
(2679,'General_Admission_16',53,16,'available'),
(2680,'General_Admission_17',53,16,'available'),
(2681,'General_Admission_18',53,16,'available'),
(2682,'General_Admission_19',53,16,'available'),
(2683,'General_Admission_20',53,16,'available'),
(2684,'General_Admission_21',53,16,'available'),
(2685,'General_Admission_22',53,16,'available'),
(2686,'General_Admission_23',53,16,'available'),
(2687,'General_Admission_24',53,16,'available'),
(2688,'General_Admission_25',53,16,'available'),
(2689,'General_Admission_26',53,16,'available'),
(2690,'General_Admission_27',53,16,'available'),
(2691,'General_Admission_28',53,16,'available'),
(2692,'General_Admission_29',53,16,'available'),
(2693,'General_Admission_30',53,16,'available'),
(2694,'General_Admission_31',53,16,'available'),
(2695,'General_Admission_32',53,16,'available'),
(2696,'General_Admission_33',53,16,'available'),
(2697,'General_Admission_34',53,16,'available'),
(2698,'General_Admission_35',53,16,'available'),
(2699,'General_Admission_36',53,16,'available'),
(2700,'General_Admission_37',53,16,'available'),
(2701,'General_Admission_38',53,16,'available'),
(2702,'General_Admission_39',53,16,'available'),
(2703,'General_Admission_40',53,16,'available'),
(2704,'General_Admission_41',53,16,'available'),
(2705,'General_Admission_42',53,16,'available'),
(2706,'General_Admission_43',53,16,'available'),
(2707,'General_Admission_44',53,16,'available'),
(2708,'General_Admission_45',53,16,'available'),
(2709,'General_Admission_46',53,16,'available'),
(2710,'General_Admission_47',53,16,'available'),
(2711,'General_Admission_48',53,16,'available'),
(2712,'General_Admission_49',53,16,'available'),
(2713,'General_Admission_50',53,16,'available'),
(2714,'General_Admission_51',53,16,'available'),
(2715,'General_Admission_52',53,16,'available'),
(2716,'General_Admission_53',53,16,'available'),
(2717,'General_Admission_54',53,16,'available'),
(2718,'General_Admission_55',53,16,'available'),
(2719,'General_Admission_56',53,16,'available'),
(2720,'General_Admission_57',53,16,'available'),
(2721,'General_Admission_58',53,16,'available'),
(2722,'General_Admission_59',53,16,'available'),
(2723,'General_Admission_60',53,16,'available'),
(2724,'General_Admission_61',53,16,'available'),
(2725,'General_Admission_62',53,16,'available'),
(2726,'General_Admission_63',53,16,'available'),
(2727,'General_Admission_64',53,16,'available'),
(2728,'General_Admission_65',53,16,'available'),
(2729,'General_Admission_66',53,16,'available'),
(2730,'General_Admission_67',53,16,'available'),
(2731,'General_Admission_68',53,16,'available'),
(2732,'General_Admission_69',53,16,'available'),
(2733,'General_Admission_70',53,16,'available'),
(2734,'General_Admission_71',53,16,'available'),
(2735,'General_Admission_72',53,16,'available'),
(2736,'General_Admission_73',53,16,'available'),
(2737,'General_Admission_74',53,16,'available'),
(2738,'General_Admission_75',53,16,'available'),
(2739,'General_Admission_76',53,16,'available'),
(2740,'General_Admission_77',53,16,'available'),
(2741,'General_Admission_78',53,16,'available'),
(2742,'General_Admission_79',53,16,'available'),
(2743,'General_Admission_80',53,16,'available'),
(2744,'General_Admission_81',53,16,'available'),
(2745,'General_Admission_82',53,16,'available'),
(2746,'General_Admission_83',53,16,'available'),
(2747,'General_Admission_84',53,16,'available'),
(2748,'General_Admission_85',53,16,'available'),
(2749,'General_Admission_86',53,16,'available'),
(2750,'General_Admission_87',53,16,'available'),
(2751,'General_Admission_88',53,16,'available'),
(2752,'General_Admission_89',53,16,'available'),
(2753,'General_Admission_90',53,16,'available'),
(2754,'General_Admission_91',53,16,'available'),
(2755,'General_Admission_92',53,16,'available'),
(2756,'General_Admission_93',53,16,'available'),
(2757,'General_Admission_94',53,16,'available'),
(2758,'General_Admission_95',53,16,'available'),
(2759,'General_Admission_96',53,16,'available'),
(2760,'General_Admission_97',53,16,'available'),
(2761,'General_Admission_98',53,16,'available'),
(2762,'General_Admission_99',53,16,'available'),
(2763,'General_Admission_100',53,16,'available');

/*Table structure for table `users` */

DROP TABLE IF EXISTS `users`;

CREATE TABLE `users` (
  `id` int NOT NULL AUTO_INCREMENT,
  `username` varchar(100) NOT NULL,
  `email` varchar(100) NOT NULL,
  `password_hash` text CHARACTER SET utf8mb4 COLLATE utf8mb4_0900_ai_ci NOT NULL,
  `role` enum('admin','user') DEFAULT 'user',
  PRIMARY KEY (`id`),
  UNIQUE KEY `email` (`email`)
) ENGINE=InnoDB AUTO_INCREMENT=5 DEFAULT CHARSET=utf8mb4 COLLATE=utf8mb4_0900_ai_ci;

/*Data for the table `users` */

insert  into `users`(`id`,`username`,`email`,`password_hash`,`role`) values 
(3,'Admin','q5jg4mbtsw@qacmjeq.com','scrypt:32768:8:1$JMbIaJ1fbT68drlW$e1a9d71ff3fa4a046b6794b2865ee5c8646bbc194f01b1598bbb5cf2942174a1a91c150f1494d86c20d5a14c85a95e31e7df265dd20ca2a1a4f07942c5c3ab2c','admin'),
(4,'User','hello.mayari19@gmail.com','scrypt:32768:8:1$bdfwXO20ZrVyTZO7$2a2a88ffef3b06390ad3e8926ca9b787f528536da13e3c90b7ca706280a833073e0c830c34bc024fc564c08069e672df3e053334f0c1a4911da5eead3eab59a5','user');

/*!40101 SET SQL_MODE=@OLD_SQL_MODE */;
/*!40014 SET FOREIGN_KEY_CHECKS=@OLD_FOREIGN_KEY_CHECKS */;
/*!40014 SET UNIQUE_CHECKS=@OLD_UNIQUE_CHECKS */;
/*!40111 SET SQL_NOTES=@OLD_SQL_NOTES */;
